true_height,true_weight,predicted_height,predicted_weight,height_relative_error,weight_relative_error
94.75,12.7,87.49063,11.564659,0.0766160305697559,0.0893969197911539
80.55,10.1,84.31793,10.8110285,0.0467775559144165,0.0703988594583946
72.05,7.7,68.99816,7.8903027,0.0423572336444417,0.0247146309196174
100.4,13.1,87.352455,11.660461,0.1299556261039825,0.1098884407800572
88.6,11.9,83.83008,10.431364,0.0538365900112866,0.1234147849203158
96.0,14.7,80.51334,10.660387,0.1613193353017171,0.2748036027765598
70.0,8.8,77.76261,9.099082,0.1108944484165736,0.0339865901253439
87.75,12.6,88.310814,12.237801,0.0063910416388443,0.0287459842742435
72.1,8.1,81.192024,9.552256,0.1261029713031489,0.179290818579403
99.35,15.1,90.49851,12.563529,0.0890939882429148,0.1679782109544766
76.6,9.0,82.52147,10.802935,0.0773037743630671,0.2003260718451606
92.7,15.6,92.581604,12.889939,0.0012771952113673,0.1737218392200958
89.45,12.1,90.64519,12.221503,0.013361513448068,0.0100415915497078
86.5,11.2,88.807594,11.823107,0.0266773907435422,0.0556345326559884
77.45,10.6,69.56417,8.155564,0.1018183235971292,0.230607140739009
61.150000000000006,6.8,74.91046,8.810644,0.2250279873390227,0.2956829632029814
93.2,13.1,90.92516,12.640136,0.0244081194308694,0.0351041400705584
98.7,13.9,89.08434,12.621337,0.0974230703491087,0.0919901484208141
51.35,3.5,62.14294,7.2426863,0.2101838465674826,1.0693389347621374
80.5,9.3,84.72921,11.269662,0.0525367689428862,0.2117916025141233
73.4,8.4,83.55265,10.941526,0.1383194884422363,0.3025626682099841
70.15,7.3,71.4043,8.260577,0.0178802120456164,0.1315859180607208
90.9,11.5,96.033745,13.3576565,0.0564768406161904,0.1615353459897248
73.45,7.8,72.497086,8.642493,0.0129736477700604,0.1080119548699795
84.45,10.1,85.07465,11.500042,0.0073967273592454,0.138618016006923
94.5,14.3,85.48286,11.420176,0.0954195052858383,0.2013863250092193
84.15,10.0,82.03818,11.034619,0.0250959300031566,0.1034619331359863
100.75,17.2,81.93377,10.661831,0.1867615957709755,0.3801261103430459
87.9,10.8,85.4049,11.494759,0.0283856701118547,0.0643295005515769
64.25,6.5,76.90585,8.730875,0.1969782610347762,0.3432115408090445
57.25,14.7,95.35122,12.10575,0.6655234790785344,0.1764795861276639
99.45,14.1,85.9694,11.451251,0.1355515485315721,0.1878545368816835
62.45,5.6,78.357574,9.625464,0.2547249713833566,0.7188329356057305
83.25,9.8,92.31705,12.210993,0.1089134789085961,0.2460196748071786
75.8,8.9,78.54118,9.505752,0.0361633703387822,0.0680619786294658
86.35,11.2,98.2975,13.414029,0.1383613272767987,0.1976811715534756
97.7,13.2,99.18986,13.969541,0.0152493089345972,0.0582985300006289
71.15,7.7,73.08825,9.262954,0.027241731645017,0.2029810075636033
68.0,6.3,69.11959,8.355703,0.0164645699893727,0.3263021196637835
75.85,8.7,67.50289,7.8925757,0.1100475736252162,0.0928073861133092
91.45,11.8,85.67405,11.462921,0.0631596568896511,0.0285660048662606
83.6,10.4,75.82206,9.713708,0.0930375642183294,0.0659896227029654
91.75,12.3,75.21489,9.896101,0.1802191877235184,0.195438943258146
86.35,10.4,66.576706,8.561473,0.2289900876361645,0.1767814526191125
74.55,8.6,71.54811,8.025342,0.0402667879018904,0.0668206991151321
88.15,10.5,91.12536,12.42011,0.0337533588376966,0.1828675951276506
99.3,12.8,102.61009,14.213781,0.033334261461087,0.1104516685009002
93.6,14.8,82.29808,11.01057,0.1207470037998296,0.2560425964561669
88.4,12.4,89.69544,12.000325,0.0146543235260975,0.0322318384724278
73.45,7.8,68.69809,8.024547,0.0646958529665163,0.0287880286192282
109.25,17.4,75.647,10.086659,0.3075789183173627,0.4203069292265793
82.55,9.7,93.204796,12.503987,0.1290708157165638,0.2890708569398861
63.150000000000006,6.4,66.24887,7.781215,0.0490715890674484,0.2158148735761642
87.35,11.2,99.38854,13.198621,0.1378196013198966,0.1784482853753227
87.5,11.0,88.40532,12.547321,0.0103465053013392,0.1406655745072798
95.2,11.6,84.423386,11.252719,0.113199730881122,0.0299380236658556
91.65,10.4,84.93549,11.806165,0.073262482605147,0.1352081482227031
59.75,5.8,73.83244,8.26624,0.2356894265657688,0.4252138137817383
95.5,13.9,92.2752,12.388818,0.0337675404174165,0.1087181448078841
96.55,12.7,81.96392,10.763632,0.1510728058698941,0.152469935379629
83.3,10.9,91.351654,12.177275,0.0966585120376275,0.1171811655027056
87.15,10.6,84.38923,10.98413,0.0316783841560438,0.0362386703491211
67.2,7.4,83.231255,9.852443,0.2385603359767368,0.3314111812694652
82.6,10.0,83.96028,11.045319,0.0164682974826915,0.1045318603515625
84.5,10.8,92.95283,13.245401,0.1000334609895062,0.2264260539302118
89.05,12.6,94.12407,12.307771,0.0569800024016529,0.0231927992805601
61.0,5.5,71.43725,8.373438,0.1711024299996798,0.522443251176314
98.0,14.5,99.3548,14.156829,0.013824462890625,0.0236669737717201
83.75,8.8,92.11133,12.060599,0.0998367537313432,0.3705226508053865
82.3,9.7,81.46508,10.848656,0.0101448327918533,0.1184181134725355
78.0,8.6,74.1782,8.596341,0.0489974388709435,0.0004254496374795
81.4,9.7,69.75714,7.943329,0.1430326644560043,0.1811001177915592
88.65,10.6,77.100235,9.5386305,0.1302849973451601,0.1001291994778614
90.45,11.0,94.87981,13.4430685,0.0489751964461546,0.2220971367575905
70.75,7.7,67.054375,7.550935,0.052234986645594,0.019359117978579
79.55,8.8,70.7521,8.287017,0.1105958757574343,0.0582935376600786
100.55,14.2,98.30958,13.306503,0.0222816713884183,0.0629223031057437
83.2,8.8,76.974495,9.25683,0.0748257820422833,0.0519125244834205
85.55,11.1,94.835785,12.865627,0.1085421965179354,0.1590655215151675
94.05,12.6,98.60679,13.407583,0.0484507031924923,0.0640939076741536
91.5,11.3,78.19633,10.407786,0.1453953310440147,0.0789569584669265
87.55,12.0,83.49597,11.009183,0.0463052920652484,0.082568089167277
90.7,12.3,76.137024,10.037299,0.16056202948422,0.1839594181960191
83.05,9.8,88.9817,11.138891,0.0714232038834381,0.1366215530706911
87.3,11.3,87.69041,11.332907,0.0044720137378741,0.0029120993825186
95.5,12.4,85.50427,11.371035,0.1046673040739528,0.082981078855453
90.15,12.2,87.06329,11.303962,0.0342396732442457,0.0734457578815397
74.35,8.2,71.9175,8.344305,0.0327168344729845,0.0175981754209938
86.05,12.8,97.94123,12.979412,0.1381897823814734,0.014016568660736
92.05,13.0,90.22256,12.378614,0.0198527206097653,0.0477988903339092
68.0,6.5,73.54719,8.514725,0.081576291252585,0.3099576509915865
72.0,8.9,59.43291,6.8973136,0.1745429039001464,0.2250209444024589
77.2,8.6,87.43305,11.446471,0.1325524878625424,0.3309850249179574
79.0,9.0,72.29266,8.357,0.0849029927314082,0.0714444054497612
88.2,12.3,93.7474,12.986059,0.0628956732025492,0.0557771698246156
71.0,7.1,77.5264,10.0059185,0.09192109443772,0.409284296170087
105.9,15.3,77.98654,9.744699,0.2635831751836934,0.36309159970751
93.85,12.7,84.85984,11.386623,0.0957928567600808,0.1034154816875307
90.15,12.3,88.632805,11.998175,0.0168296742029344,0.0245386449302115
95.1,15.6,90.62527,12.59072,0.0470529229357665,0.1929025527758475
89.55,11.6,76.825905,10.141747,0.1420892814495655,0.1257114245973784
78.95,9.6,77.76283,9.160044,0.0150369519746477,0.0458287795384724
81.55,12.1,92.068474,11.905569,0.1289818984171425,0.0160686713604887
79.005,9.1,73.76959,8.292487,0.0662667896315897,0.0887376764318444
101.35,13.3,88.21511,12.274995,0.129599301639777,0.0770680563790458
97.7,14.6,84.386055,11.015893,0.1362737462366859,0.2454867820217184
86.0,10.3,89.528366,11.777878,0.0410275126612463,0.1434832822929307
66.35,7.6,67.247375,7.894809,0.0135248754827619,0.0387906275297466
69.7,7.9,75.665344,8.684173,0.0855860005492288,0.0992623582670959
68.7,7.0,78.47861,9.287111,0.1423378046249544,0.3267301831926618
90.0,13.6,84.27114,11.300237,0.0636539883083767,0.1691002425025491
97.5,13.7,102.43068,14.129729,0.0505710699619391,0.0313671000682525
76.1,8.9,96.18891,12.803303,0.2639804393953783,0.4385733443699525
89.2,11.8,100.9778,14.565756,0.1320380993488123,0.2343860884844245
93.35,13.1,96.72448,13.665452,0.0361486842559504,0.0431642750747331
90.5,12.1,99.10396,13.902775,0.0950713605511913,0.1489896537843815
58.25,5.3,70.465294,7.819582,0.209704616039096,0.4753928274478552
82.15,9.5,76.32291,9.026355,0.070932361605105,0.0498573905543277
77.3,9.4,77.31271,8.668499,0.0001644711907746,0.0778192560723487
64.25,7.2,67.070435,8.051902,0.0438978143239299,0.1183196968502468
82.25,11.3,91.45879,12.13758,0.1119610169013582,0.0741221166290012
66.65,6.6,67.83969,7.937166,0.0178498298891128,0.2026009415135239
87.35,10.9,92.111786,12.212671,0.0545138624919505,0.1204285577896537
83.0,9.5,92.7688,12.879967,0.1176963714231927,0.3557859721936677
81.85,8.9,99.9897,13.311043,0.2216212622771267,0.4956227849038798
61.25,5.3,64.06229,7.149815,0.0459148796237244,0.3490217136886885
108.8,19.5,102.4205,13.955463,0.0586350945865406,0.284335209773137
75.6,9.1,69.459404,8.127736,0.0812248149246134,0.1068421877347505
67.05,6.5,71.53952,8.222426,0.0669577966244873,0.2649886791522686
85.6,10.6,95.80808,12.9122715,0.1192533011748412,0.2181388207201688
94.1,14.2,104.12413,14.254882,0.1065263575879218,0.0038649196356115
89.7,11.9,89.36407,12.266061,0.0037450715982528,0.0307614142153443
65.3,8.1,68.93121,7.946364,0.0556081681302642,0.0189674165513779
60.1,5.5,76.014885,9.533742,0.2648067379156483,0.7334076274525035
84.65,14.4,67.47952,7.4948463,0.2028408422318001,0.4795245594448513
78.3,8.7,85.668976,11.081113,0.0941120795667704,0.2736911335210691
75.25,8.6,67.62395,7.922969,0.1013428951022632,0.0787245506464048
60.9,5.5,60.024605,6.878125,0.014374305462015,0.2505682164972478
77.45,8.6,79.34337,9.362184,0.0244463335090178,0.0886259966118391
99.3,12.5,90.47022,13.132976,0.088920216786057,0.0506380462646484
97.55,14.5,93.95988,13.248973,0.0368029009312131,0.0862777315337082
67.05,6.1,92.82243,12.168201,0.3843763381309424,0.9947871223824925
75.05,8.2,81.66183,9.366716,0.0880989618574596,0.1422824859619141
99.45,16.7,100.32171,14.08798,0.0087652959195496,0.1564083670427699
85.05,10.1,107.29849,15.124586,0.2615930914948927,0.497483772806602
90.6,12.0,87.061386,11.848483,0.0390575484724233,0.0126264095306396
87.6,12.0,94.682365,11.963011,0.080848920290873,0.0030824343363444
92.35,13.7,89.820656,12.42008,0.0273886754439208,0.0934248040192318
70.5,8.5,65.12407,7.582121,0.0762543373919548,0.1079857770134421
65.45,7.7,65.30777,7.9191723,0.0021731126754679,0.0284639333749746
82.55,10.8,64.28338,7.430402,0.2212794839361087,0.3119998331423159
83.3,9.8,100.664375,13.768638,0.208455886016516,0.4049630262413802
78.0,8.7,74.473946,8.81847,0.045205825414413,0.0136172415196211
99.05,15.0,94.273575,13.128925,0.0482223641685859,0.1247383117675781
103.2,17.4,87.08019,11.639989,0.1561996844387794,0.331035120733853
91.15,11.6,91.61295,13.2965765,0.0050790256284712,0.1462565948223246
78.0,9.2,88.3592,11.508177,0.1328102503067408,0.25088878299879
74.05,8.3,64.90663,7.079318,0.1234756047302287,0.1470701148711055
94.45,14.9,86.438286,11.7740345,0.084824925064725,0.2097963422736865
89.75,12.1,85.707794,11.504592,0.0450385048528899,0.0492072775344217
103.5,15.8,92.97221,12.906864,0.1017177415930706,0.1831098628949515
83.95,11.7,96.6122,13.649393,0.1508302308037708,0.1666147933047042
97.05,12.0,89.290596,12.06718,0.0799526428820115,0.0055983066558837
60.2,6.5,73.447,8.2044735,0.2200498105679635,0.2622266916128305
75.05,7.7,63.719696,7.6355577,0.1509700726859177,0.0083691361662629
80.55,9.5,95.01787,12.469866,0.1796135076597416,0.3126174525210732
101.2,16.9,79.340866,10.24202,0.2159993469479527,0.3939633341230584
97.95,13.4,91.62346,11.958808,0.0645894960458939,0.1075516458767563
79.8,8.7,75.80398,8.687121,0.0500754640813459,0.0014802998509899
76.95,9.2,67.30302,7.958639,0.1253669049694911,0.1349305277285367
91.55,14.2,97.666664,13.638053,0.0668122787933933,0.0395737365937568
84.3,11.8,78.360954,10.832471,0.0704513133491343,0.0819939920457743
82.0,9.7,90.47083,11.453049,0.1033028393256955,0.1807266707272874
79.95,10.5,83.82168,10.9015255,0.0484262434224026,0.0382405235653831
93.45,11.5,79.87406,9.87268,0.1452748894117426,0.1415061121401579
93.2,12.8,82.9709,11.417915,0.1097542758663325,0.1079753637313843
73.55,7.9,76.76683,9.797368,0.0437366477815899,0.2401731708381748
86.5,10.9,100.20182,13.612405,0.1584025476709266,0.2488444792021305
64.55,9.9,74.88936,9.125316,0.1601759646864107,0.078250942808209
62.45,5.6,69.26046,8.092544,0.1090546020801015,0.4450970717838833
65.65,6.8,69.78496,8.566312,0.0629848878254711,0.2597517406239229
69.55,8.1,72.38169,8.643163,0.0407144641122057,0.0670571268340688
93.25,13.9,108.24222,15.36721,0.1607744559525804,0.10555470418587
87.5,10.8,94.64623,12.312594,0.0816712297712053,0.1400550383108632
75.0,8.4,76.45279,9.169783,0.0193705240885416,0.0916407903035481
99.05,14.2,92.410835,12.813939,0.067028417303248,0.0976099229194748
54.95,4.3,76.52671,9.173861,0.3926607918153576,1.1334559418434322
61.1,5.9,67.3905,7.423423,0.1029542214351472,0.2582072565111062
75.05,9.5,77.07227,9.099824,0.0269456796055234,0.042123794555664
88.0,10.8,92.817604,12.518034,0.0547455007379705,0.1590772204928927
81.25,11.0,91.032936,12.137824,0.1204053673377403,0.1034385507757013
86.4,11.0,89.970146,12.174415,0.0413211363333242,0.1067649667913263
74.35,8.3,79.157196,9.1444845,0.0646563018819351,0.1017451228865657
60.15,6.0,68.11173,8.318369,0.1323646298073176,0.3863948186238606
99.55,12.1,111.248924,15.672382,0.1175180738861988,0.2952382111352337
59.3,5.7,70.551315,8.298626,0.1897355026579627,0.4558992887798108
82.65,9.3,93.29589,12.888011,0.1288069063291647,0.3858076321181429
68.7,7.0,75.118385,8.641825,0.0934262782378661,0.234546388898577
95.05,13.5,90.393105,12.025122,0.048994165668357,0.1092502452709056
81.0,9.2,71.906166,9.040416,0.1122695546091338,0.0173461126244585
93.1,11.7,89.885445,12.232385,0.0345279845208025,0.0455029642480052
67.6,9.3,78.38347,9.241039,0.1595187666853505,0.0063398627824681
95.25,16.6,90.20467,11.876024,0.0529693042825213,0.2845768526376012
88.65,11.8,96.00395,13.795767,0.0829549015946664,0.1691327822410453
88.65,11.4,102.144615,14.055904,0.1522235214138729,0.2329740691603275
78.80000000000001,9.5,92.905754,12.875135,0.1790070315908052,0.3552774128160978
73.45,8.8,69.289955,7.692891,0.0566377789086432,0.125807827169245
53.1,4.7,61.76031,6.9898996,0.1630943715011107,0.4872126883648811
68.15,8.5,72.58438,8.278717,0.0650679545636921,0.0260332892922794
77.5,8.3,70.10265,8.154808,0.0954496322139616,0.0174930066947478
97.65,14.9,98.1193,13.249334,0.0048059482056851,0.1107829305149565
88.45,12.8,89.91568,12.078884,0.0165707171468696,0.0563371777534485
73.2,8.0,67.15268,7.7727146,0.0826136688065659,0.0284106731414794
90.8,11.9,107.43676,15.523408,0.1832242285102475,0.3044880618568227
102.55,15.3,85.04062,11.689236,0.1707399425013712,0.235997667499617
68.25,7.7,73.57299,8.3377695,0.0779925335894574,0.0828272088781579
77.35,8.2,84.299324,10.890832,0.0898425861104659,0.3281502374788611
88.95,11.7,88.36734,11.563854,0.00655042059707,0.0116363916641626
74.05,7.8,67.216225,7.7171087,0.0922859598864259,0.010627086345966
94.55,12.0,84.96066,10.638189,0.101420805480731,0.1134842236836751
85.9,10.7,86.78202,11.803382,0.0102679926524755,0.103119805594471
84.35,11.0,85.79968,10.915477,0.0171865159121221,0.0076839273626154
79.6,9.9,84.17916,11.357223,0.0575271491429315,0.1471941976836233
89.25,12.1,84.372444,10.84344,0.0546504856825542,0.103847929268829
61.0,5.8,69.10977,7.7534223,0.1329470775166495,0.336796941428349
80.45,10.1,79.5776,9.73638,0.0108440202389392,0.0360020174838528
94.0,12.8,96.41744,12.80489,0.0257174715082696,0.0003820061683654
79.0,8.4,86.979546,11.519845,0.1010069062438192,0.371410120101202
65.7,6.6,74.07154,8.955366,0.1274207128237371,0.356873656764175
91.75,11.8,93.00032,13.070398,0.0136274706765156,0.1076608754820742
70.05,7.8,73.13597,8.516167,0.0440538339662518,0.0918162419245793
89.55,11.3,92.834526,12.630441,0.0366781246455803,0.1177381161039908
80.05,8.9,89.85721,11.9430485,0.1225135321917942,0.3419155592329046
93.1,11.7,91.80375,13.151619,0.013923210693097,0.1240699963691907
78.4,9.2,75.10418,9.247613,0.0420385282866809,0.0051753209984821
88.25,11.5,90.40805,11.871571,0.0244538304488314,0.0323104858398437
62.25,6.7,71.9832,8.229465,0.1563566276826054,0.22827828820072
77.55,9.5,99.506775,13.833997,0.2831305596691651,0.4562101866069593
69.55,8.2,76.4572,9.154102,0.0993127116704484,0.1163539421267626
60.9,5.5,70.02803,7.9376316,0.149885556576483,0.4432057467373935
62.45,6.0,71.09817,8.098448,0.138481463882043,0.3497412999471028
93.1,12.8,82.88456,10.670043,0.1097254604581346,0.1664028912782669
86.95,9.5,93.45504,12.107464,0.0748135707651218,0.2744698775442023
84.2,10.0,92.728485,12.056393,0.1012884217033476,0.2056392669677734
93.25,13.1,77.90191,9.927857,0.1645907895494721,0.2421482901536781
99.35,15.2,95.21008,13.488393,0.0416700250849269,0.1126057348753276
102.85,15.4,71.681496,9.191937,0.3030481704763839,0.4031209450263481
99.0,14.0,82.24107,10.960031,0.1692820847636521,0.2171406745910644
93.05,11.8,83.15483,11.3155365,0.1063424940073381,0.0410562288963189
68.45,7.3,68.33037,8.10417,0.0017477276553369,0.1101602528193225
94.2,12.6,92.68017,11.759325,0.0161340960524897,0.066720235915411
76.75,9.2,70.07434,8.46415,0.0869792726995114,0.0799836490465246
107.05,22.8,90.84104,12.017372,0.1514148382537,0.4729222749408923
82.75,9.3,100.92733,13.831128,0.2196656195418712,0.4872180774647701
97.75,13.3,95.57235,13.224807,0.022277753981178,0.005653625144098
92.55,11.9,80.1969,10.343836,0.1334748847751215,0.1307700982614726
97.05,14.6,90.17534,12.538987,0.0708362828942072,0.1411652630322599
63.95,6.3,73.25857,8.511496,0.1455600908531445,0.3510310460650732
73.95,6.6,71.93314,8.593484,0.0272732438712284,0.3020430189190489
95.5,13.9,98.52543,13.877979,0.031679882429033,0.0015842245637084
77.0,7.9,74.69464,8.5287285,0.0299397258015422,0.0795858841908128
97.5,14.8,92.28361,12.773231,0.0535014617137419,0.1369438815761257
89.75,13.1,74.72268,9.427626,0.167435329936673,0.2803339193795473
90.45,12.3,90.3741,12.4875345,0.0008391406142033,0.0152467091878254
80.45,10.8,73.69612,9.260438,0.0839512589705368,0.1425520402413828
61.9,6.7,80.4056,9.829823,0.2989596365341655,0.4671376925795825
89.3,12.8,85.329254,11.501231,0.0444652390773725,0.1014663130044937
99.55,14.8,107.2562,14.923132,0.0774103736590046,0.0083197258614204
78.2,9.7,67.44872,7.7145877,0.1374843626680886,0.2046816816035004
101.0,15.9,93.3819,13.224562,0.0754267626469678,0.1682665602965924
64.55,6.9,77.26652,9.686527,0.1970025970435346,0.4038445293039515
93.45,11.5,91.49275,11.640322,0.0209443330637206,0.0122018897015115
78.05,9.9,66.76679,7.8706646,0.1445638398800348,0.2049833740850892
71.75,7.7,64.44833,7.4283853,0.1017653834113676,0.0352746418544224
79.35,9.8,84.74659,10.860161,0.068009951614928,0.108179676289461
87.0,11.1,96.75148,12.40318,0.1120859781901041,0.1174036146284224
105.35,16.9,92.50793,12.670296,0.1218991272812722,0.2502783600395247
90.95,12.1,86.12832,11.718353,0.0530146367606257,0.03154105194344
85.9,9.9,90.449875,12.829263,0.0529671115009276,0.2958851245918659
73.55,8.6,86.335785,10.899397,0.1738380001646414,0.2673717321351517
91.95,12.9,83.9277,10.662042,0.0872463705489141,0.173485142316005
73.6,11.4,93.70905,13.021646,0.2732208293417226,0.1422496092946905
84.0,9.5,83.58263,11.341426,0.0049687340146019,0.1938343048095703
96.5,12.9,85.98513,11.350392,0.1089623802066467,0.1201246246811031
86.0,11.5,87.80291,11.98912,0.0209640680357467,0.0425321330194887
81.05,9.7,75.677246,8.7513895,0.0662893757711289,0.0977948965485562
78.35,9.9,81.66995,9.590235,0.0423733553615587,0.0312894185384114
61.0,5.5,68.25484,7.677859,0.1189317546907018,0.3959743326360529
68.35,7.3,76.27297,8.885534,0.1159176606720351,0.217196477602606
72.3,7.8,67.82835,7.911965,0.0618485995512944,0.0143544735052646
74.05,9.9,78.701996,9.103167,0.0628223612371286,0.0804882242222025
104.85,17.9,94.161064,13.161445,0.1019450248168886,0.2647237617876276
97.0,12.9,93.364624,13.195477,0.0374781028511597,0.0229051575180171
76.15,8.2,78.31453,9.227409,0.0284245491654012,0.1252938247308499
94.1,11.7,101.74215,14.19352,0.0812130643254766,0.213121332673945
86.65,10.6,80.217865,10.319413,0.074231217654537,0.0264704542339972
93.1,11.1,92.28548,12.231936,0.0087489077919407,0.1019762571867522
93.0,13.3,91.57369,12.579117,0.0153366417013188,0.0542017427602209
78.2,8.6,82.12164,10.345573,0.0501488883172154,0.2029736541038336
91.05,11.6,82.87655,10.727153,0.0897688218880851,0.0752454461722538
90.6,12.6,82.01615,10.797126,0.094744465472156,0.1430852526710146
107.15,14.8,91.93423,12.95384,0.1420044144680719,0.1247405232609929
64.05,8.2,71.182236,7.891064,0.1113541876311231,0.0376751015825968
58.150000000000006,4.8,75.52298,8.472567,0.2987614743994517,0.7651180426279705
90.4,12.1,89.370514,12.068734,0.0113881203980573,0.0025839529746819
105.15,15.6,85.59265,11.8227825,0.1859947563748217,0.2421293258666992
85.6,10.9,72.30761,8.709559,0.1552849350688613,0.2009578494850649
92.4,12.7,89.9962,12.31863,0.026015145438058,0.0300291166530818
85.4,10.3,80.36857,9.993858,0.058916060650935,0.0297224915143356
89.0,11.7,89.70012,11.378074,0.0078665058264571,0.0275150690323266
97.5,14.8,77.791046,10.203055,0.2021431164863782,0.3106043660962904
79.0,9.7,73.542465,8.514248,0.0690827188612539,0.1222424851250402
66.45,7.1,75.73735,9.429782,0.1397644915555633,0.3281382977122992
93.05,12.3,98.608955,13.790169,0.0597415946620181,0.1211519318867504
76.0,7.6,78.51779,9.24961,0.0331288387900904,0.2170539404216566
54.45,5.0,81.20214,10.1891365,0.4913157173205779,1.037827301025391
73.2,8.0,74.35478,8.853354,0.0157757118100025,0.1066693067550659
83.25,10.2,77.16124,9.586938,0.0731382627744932,0.0601041270237342
96.4,13.0,90.727325,13.150204,0.0588451717899054,0.0115541311410757
61.45,5.7,76.467155,9.566085,0.2443800725230751,0.6782605020623458
88.5,11.8,86.09714,10.82464,0.0271509892522952,0.0826576038942499
92.25,12.7,95.68743,13.535493,0.0372621282975525,0.0657868422861174
55.5,3.7,65.99337,7.233996,0.1890697307414836,0.9551340309349264
77.9,8.4,70.29556,8.42337,0.0976179365322128,0.0027821858723957
91.3,12.0,94.915985,12.273142,0.0396055323923535,0.0227618217468261
85.65,11.6,90.15515,12.682753,0.0525995489455632,0.0933407421769767
96.25,13.5,84.395065,11.000692,0.1231681526481331,0.1851338986997251
73.25,8.1,77.5559,9.70421,0.0587836255799381,0.1980506520212433
79.2,9.4,76.84313,9.765164,0.0297584341029928,0.0388472739686356
95.3,15.2,78.34839,10.006468,0.1778762993507344,0.3416797487359297
88.6,12.3,80.95026,10.826011,0.0863402218097488,0.1198365281267864
95.0,14.0,84.7093,11.743386,0.108323187577097,0.1611866950988769
77.8,8.8,66.50879,7.7525783,0.1451312459832904,0.1190251978960904
72.15,8.5,74.33685,8.703648,0.0303098132687975,0.023958542767693
102.95,14.8,97.78639,13.806449,0.0501564622446424,0.0671318286174053
101.25,18.3,90.49023,12.019199,0.1062693654755015,0.3432131491072191
60.5,6.4,62.72803,7.2708173,0.036826961296649,0.1360651999711989
53.55,4.8,67.91134,7.441846,0.2681855986209588,0.5503845612208049
96.55,14.4,106.28511,15.051708,0.1008297304363833,0.0452575153774685
90.05,10.7,91.793495,12.171061,0.019361412306748,0.1374822955265224
95.0,11.5,78.440056,10.471425,0.1743152016087582,0.0894412994384765
85.25,10.0,93.91415,12.674994,0.1016322161095582,0.2674994468688965
96.3,14.0,98.1012,13.071321,0.0187040113090602,0.0663342475891113
76.45,8.8,85.64518,11.253895,0.1202770405302178,0.2788516824895684
70.2,7.5,66.59412,7.8221483,0.0513658659410612,0.0429531097412109
85.55,11.4,76.45889,10.085593,0.1062665947134351,0.1152988400375634
92.05,13.3,88.00798,12.003735,0.0439111314863694,0.0974635647651844
72.95,6.8,73.68992,9.410733,0.0101428172455984,0.3839313563178567
103.35,15.1,79.415634,9.822384,0.2315855427646498,0.3495110012837593
91.25,12.5,99.310616,13.781742,0.0883355127622003,0.1025393676757812
60.95,6.1,78.65466,9.029348,0.290478475569114,0.4802210448218174
81.0,10.3,91.13512,11.525723,0.1251248960141782,0.1190022774113034
68.65,6.7,89.32795,11.016401,0.3012082960513587,0.644238998640829
61.3,6.8,73.45632,8.654184,0.1983086740017715,0.2726741678574506
72.55,8.8,88.40542,11.84218,0.2185447056650047,0.3457023013721811
93.75,11.9,91.69112,12.1706505,0.02196142578125,0.0227437379981289
76.55,9.3,66.41447,7.6752176,0.1324040906869998,0.1747077818839781
80.6,9.2,91.926765,12.2211,0.1405305886091133,0.3283804188603941
90.7,12.6,91.873825,12.9300785,0.0129418420423614,0.0261967068626767
85.0,10.8,74.00998,10.020414,0.1292943617876838,0.0721838562576859
89.75,11.3,87.77377,11.846524,0.0220192401854108,0.0483649768660553
99.8,13.0,91.829926,12.956491,0.0798604655600262,0.0033468099740835
99.05,15.0,100.285286,13.757595,0.0124713372004748,0.0828269958496093
95.5,11.3,85.54172,10.908644,0.1042752091173102,0.0346332988907806
94.9,12.6,93.98462,12.504073,0.0096457414054268,0.0076132426186213
86.35,11.3,81.9051,10.8613,0.0514754144594581,0.0388229673942634
71.45,7.6,63.579395,7.01979,0.110155419255571,0.0763433983451441
74.75,9.0,67.90352,7.8925614,0.0915917233878553,0.1230487293667263
86.65,11.6,86.70341,11.512173,0.0006163564639082,0.0075713190539129
92.0,13.3,86.788025,11.566422,0.056651903235394,0.1303441757546332
89.45,11.8,98.21006,13.502435,0.0979324775810945,0.1442741297059139
87.8,11.3,94.1993,12.937705,0.0728849962794971,0.1449296495555775
91.0,12.5,87.96914,11.929031,0.033306163745922,0.045677490234375
99.65,14.8,88.586586,10.972009,0.111022719533014,0.2586480604635703
73.2,6.1,71.034454,8.002627,0.0295839570259136,0.3119061266789671
62.650000000000006,5.7,65.457565,7.2010365,0.0448134925397794,0.2633397286398368
92.65,14.6,81.84106,10.408527,0.1166642544659421,0.2870871661460563
93.05,13.6,95.65147,13.322491,0.0279577256273928,0.0204050961662741
71.1,8.2,77.174904,9.505979,0.0854416859300831,0.1592656810109209
95.25,12.1,76.89679,10.000964,0.1926846241387795,0.173474035972406
92.1,12.2,87.25266,11.5517645,0.0526312414908641,0.0531340583426052
82.0,10.9,79.55052,10.285768,0.0298716847489519,0.0563516004369893
79.2,9.2,81.75348,10.025279,0.0322408965139677,0.0897042440331501
79.0,9.4,77.392586,9.863951,0.0203470157671578,0.049356460571289
93.6,12.5,85.62799,11.468306,0.0851710392878605,0.0825355529785156
86.55,11.7,84.49378,11.013549,0.0237575731547425,0.0586710383749415
77.5,8.9,65.21286,7.5571895,0.1585437405493951,0.1508775882506638
85.6,10.9,101.36868,13.746194,0.1842135848285996,0.2611187051195616
89.55,11.6,82.46916,9.955769,0.0790713345917957,0.1417440874823208
79.95,10.8,88.0996,12.015605,0.1019337304015693,0.1125560160036439
90.75,11.4,86.37144,11.543099,0.0482486272974776,0.0125525792439778
79.5,9.4,79.88596,9.785973,0.0048548860369988,0.0410609143845578
76.0,7.6,70.910484,8.451204,0.0669673116583573,0.1120005657798366
90.35,13.5,83.21515,11.166885,0.0789690212973851,0.1728233054832176
93.7,13.4,93.67126,13.049935,0.0003067553997548,0.0261242282924367
93.95,12.6,77.74565,9.438337,0.1724784327289283,0.2509256090436663
92.05,12.5,95.77782,13.0911255,0.0404977378865935,0.0472900390625
80.25,10.5,72.941635,8.531117,0.0910699672045366,0.1875126248314267
54.05,4.1,74.30912,8.9282055,0.3748218349347393,1.1776110951493428
72.0,8.6,83.269066,10.2588415,0.1565148035685221,0.1928885482078375
97.3,14.4,94.76957,13.150402,0.0260064810177527,0.0867776340908474
63.4,6.5,69.36464,8.240964,0.0940794839467912,0.2678406055157001
74.8,7.8,82.76855,9.895476,0.1065313777821587,0.2686508129804562
89.0,12.2,95.74544,13.452182,0.0757914339558462,0.1026378537787766
48.4,3.4,79.70309,9.8574505,0.6467579928311435,1.8992501427145565
94.1,11.6,107.31826,14.947573,0.1404703527403942,0.2885838541491278
75.05,8.8,72.776146,8.431681,0.0302978556287995,0.0418544682589445
73.0,8.0,68.37383,8.081616,0.0633721547584011,0.0102020502090454
83.7,11.3,87.55513,11.0633,0.0460589008946572,0.02094689090695
91.0,12.6,100.530846,14.034435,0.1047345674954927,0.1138440692235553
75.15,8.7,77.05318,9.3455925,0.0253250416484738,0.074206034342448
66.7,7.0,60.32891,7.105827,0.0955185782963011,0.01511812210083
70.75,8.3,75.50706,9.406035,0.0672375574550022,0.1332572799131093
71.15,7.6,83.028465,10.518034,0.1669496173014207,0.3839518396477951
73.05,8.0,72.48025,8.595895,0.0077994866863984,0.0744868516921997
85.6,12.0,94.96469,13.237265,0.1094005976881937,0.1031053860982259
83.8,10.1,91.65482,12.560591,0.0937329749787906,0.2436228459424312
92.5,11.9,100.655426,14.441346,0.0881667678420608,0.21355850155614
86.0,11.5,97.65378,13.865356,0.1355090473973473,0.2056831691576087
54.8,4.2,63.27459,7.196605,0.1546457944995296,0.7134774298894972
52.1,4.0,79.77107,10.418402,0.5311146331611384,1.604600429534912
90.65,10.9,99.97228,12.925893,0.1028381953631325,0.1858617275133045
64.0,6.9,70.668076,8.462797,0.1041886806488037,0.226492342741593
67.0,7.2,75.354225,9.157735,0.1246899277416627,0.2719076209598117
82.55,9.5,88.34357,11.434532,0.0701825184074046,0.2036349647923519
88.7,10.8,97.44947,13.097287,0.0986411558063081,0.2127117757444027
87.3,11.1,87.194565,12.028616,0.0012077340282251,0.0836590947331609
75.55,7.4,77.7239,9.096261,0.0287743195408153,0.229224462766905
89.4,11.1,72.934204,9.314354,0.1841811621749161,0.1608690141557573
86.65,10.2,81.07844,9.949531,0.0642996214059345,0.0245558233822092
66.0,6.4,64.49556,7.7040706,0.0227945501154119,0.2037610262632369
90.15,13.0,87.26469,11.817553,0.0320056951250953,0.0909574948824369
53.7,4.8,62.921597,7.4507895,0.1717243301135867,0.5522478024164836
91.7,14.3,95.337814,13.002352,0.0396708214945985,0.0907446321073946
75.8,9.1,95.707794,12.997562,0.262635807248722,0.4283035613678314
73.525,8.8,68.89799,7.9558144,0.0629311476950336,0.0959301861849698
71.55,7.9,65.76789,7.694226,0.0808121463287801,0.0260473685928538
77.80000000000001,9.0,89.37436,12.423336,0.1487706829159301,0.3803706698947482
78.75,9.2,81.94315,9.976855,0.0405479794456845,0.0844407910886019
97.55,13.3,102.97488,14.196921,0.055611239403471,0.0674376953813365
90.05,13.8,106.03639,15.057531,0.1775279534915498,0.0911254606385161
64.55,6.1,65.56344,7.669669,0.0157000529128946,0.2573228116895332
80.45,10.8,76.74467,9.813396,0.0460575879027637,0.0913521801983869
80.55,10.5,88.59101,12.092148,0.0998263320591345,0.1516331263950892
73.35,7.4,73.90805,8.21699,0.0076080509490031,0.1104041176873283
86.35,10.3,100.75928,13.965836,0.1668706119716271,0.3559063661445691
61.35,6.2,71.795074,8.461859,0.1702538624758048,0.364815927320911
81.25,11.2,74.92129,9.867294,0.077891845703125,0.1189915793282644
89.85,10.7,94.50586,12.719571,0.0518181343906511,0.1887449638865819
87.1,12.8,85.64093,11.074966,0.0167516627350028,0.1347682476043701
63.05,5.1,78.231865,9.172299,0.2407908791308362,0.7984900755040787
81.25,11.0,94.986855,12.803993,0.1690689791165865,0.1639993840997869
64.7,6.8,74.395226,8.508836,0.1498489261963267,0.2512993812561035
56.8,4.5,76.119705,8.995356,0.3401356549330161,0.9989679124620224
82.85,10.4,98.5262,13.496584,0.1892118206496116,0.2977484556344839
79.9,11.5,81.66834,11.115522,0.0221319473132919,0.0334328361179517
86.65,11.1,84.28741,10.971653,0.0272659328172335,0.0115627941784557
86.15,11.0,95.79997,13.078438,0.1120136103793346,0.1889488913796164
67.95,7.8,81.14237,9.462707,0.1941482285702377,0.2131675084431966
92.25,12.9,90.13931,12.743311,0.0228800786543021,0.0121464396631995
92.8,11.8,102.66828,14.028958,0.1063392408962907,0.1888947729337012
61.1,5.9,61.715008,6.7820373,0.0100655938131329,0.1494978403641005
66.7,7.0,74.63115,9.295308,0.1189077854871391,0.3279011590140206
62.05,7.1,74.92864,9.083,0.2075526554866917,0.27929580043739
66.3,6.2,68.89434,7.943839,0.039130324511866,0.2812643666421213
98.1,13.7,91.81011,12.330837,0.0641171049998804,0.0999388868791343
91.55,11.5,80.14561,10.381405,0.1245701038271009,0.0972691411557405
83.5,9.1,78.46979,10.038565,0.0602420646987275,0.1031389760447072
95.4,14.6,64.20833,7.232993,0.3269567269699129,0.504589511923594
80.5,8.4,101.29795,13.336397,0.258359636579241,0.5876663298833937
92.35,12.0,86.60881,11.731656,0.0621677268564732,0.0223619937896728
91.5,12.7,86.03214,11.989027,0.0597580039436048,0.0559821241483913
87.0,10.6,90.80667,12.715116,0.0437548407192887,0.1995392025641675
79.9,11.5,93.42785,12.834875,0.1693097473832035,0.1160760962444803
75.0,8.4,89.24137,11.635506,0.1898849487304687,0.3851792471749441
75.15,8.4,73.77272,8.555315,0.0183270746917623,0.018489883059547
94.9,12.9,84.145706,10.813428,0.1133223795915931,0.1617497732472974
85.65,10.1,90.64781,12.544973,0.0583515690560237,0.242076571625058
71.75,7.7,68.11054,8.056972,0.0507241491656685,0.0463599415568562
66.05,6.6,65.7667,7.6021223,0.004289163593809,0.1518367131551107
88.3,11.9,94.64422,13.127993,0.071848453508768,0.1031926579836035
79.5,10.2,70.880005,8.368283,0.1084276115369496,0.1795800713931812
85.2,10.3,85.34574,10.8246155,0.0017105783095381,0.0509335416034586
82.15,9.7,84.55543,10.771737,0.0292809196746138,0.1104883606900874
80.9,9.4,68.934456,8.195113,0.14790536623508,0.1281794487161839
85.55,9.6,82.02479,10.748661,0.04120645350284,0.1196521917978923
95.1,12.6,88.30207,11.953898,0.0714819072799601,0.0512779023912217
95.05,14.5,95.01129,13.072715,0.0004072435149263,0.0984334616825498
70.75,7.8,68.468704,8.3374,0.0322444632702076,0.0688974918463291
59.25,5.1,63.094147,7.1831675,0.0648801135614451,0.4084642073687386
69.05,6.9,77.26372,9.194792,0.11895318828917,0.332578520843948
80.65,11.1,84.43531,11.462975,0.0469350324087975,0.0327004097603463
94.9,12.6,82.4749,11.317773,0.1309283530875428,0.101764058309888
94.15,12.5,93.91187,12.305296,0.0025292313991553,0.0155763244628906
85.55,11.0,90.47417,12.289898,0.0575589347763552,0.1172634471546519
95.05,13.6,93.84327,12.678861,0.0126957459427192,0.0677308335023767
93.25,11.1,83.412865,10.904916,0.1054920677205512,0.0175751522854641
72.8,7.9,79.33273,9.0744505,0.089735345526056,0.1486646193492261
84.4,10.1,79.392395,10.486669,0.0593318125647956,0.0382840184882136
109.55,19.7,94.33675,13.1767845,0.138870413365401,0.3311276895745756
96.55,13.5,87.776924,11.779825,0.0908656226483606,0.1274203547724971
88.95,11.9,90.11793,11.923654,0.013130157968179,0.0019876976974871
79.45,9.2,66.742485,7.5123963,0.1599435488182918,0.183435180912847
92.25,11.7,80.91071,10.742122,0.122919098148501,0.0818699404724642
87.3,10.6,89.59101,11.663941,0.0262429673237489,0.1003718286190393
97.0,13.1,84.00508,11.125071,0.1339682352911565,0.1507579716107317
59.75,5.7,80.21464,9.288776,0.3425043975957766,0.6296098943342242
92.4,11.3,88.65244,12.242568,0.0405579769250118,0.0834130987656854
90.05,11.9,90.46637,12.07277,0.0046237604542615,0.0145184973708721
86.55,11.9,83.64895,11.179753,0.033518790647792,0.0605249324766528
81.55,9.8,80.1061,10.192858,0.0177056776242048,0.0400875247254662
69.2,7.9,59.854427,7.0029507,0.1350516280686924,0.1135505483120303
65.45,7.3,76.83319,8.620105,0.1739219391591863,0.1808362725662858
87.05,11.9,92.35733,12.915071,0.0609687572919658,0.0853000448531463
66.15,8.0,70.11914,7.8661437,0.06000212585034,0.0167320370674133
85.2,10.9,84.07448,11.587917,0.0132103503589899,0.0631116814569595
100.35,15.5,91.45007,12.359144,0.0886888565800946,0.2026358573667464
70.0,7.3,74.1595,9.024418,0.0594214303152901,0.236221627013324
85.3,10.9,83.457,11.240445,0.0216060875448783,0.0312334988095344
84.0,10.2,92.99803,12.263805,0.1071194240025111,0.2023338617063036
72.5,9.5,83.78202,10.701928,0.1556140768116918,0.1265187514455694
64.55,6.9,85.53201,11.057097,0.3250505490232863,0.6024778891300808
60.45,7.2,72.96651,9.767561,0.2070555328040994,0.3566056887308756
80.65,9.3,90.62571,12.381148,0.1236913767351692,0.3313062729374054
96.4,15.0,94.25865,12.757009,0.0222131562925473,0.1495327631632487
76.5,9.0,81.50728,9.788751,0.0654546201618668,0.0876389609442816
72.45,8.9,71.84563,8.456603,0.0083419346990381,0.0498198819964119
59.05,5.4,74.59491,8.598175,0.2632499520401143,0.5922546386718749
81.15,10.4,68.53243,7.958326,0.1554845033129717,0.2347763593380268
94.2,12.5,88.14892,12.547112,0.0642365376660778,0.0037689971923828
80.25,10.3,84.061615,11.109907,0.0474967600029205,0.0786317621619955
75.6,7.8,74.27696,8.762832,0.0175004989381819,0.1234399599906726
94.0,12.0,101.17625,14.067131,0.0763430493943234,0.1722609202067057
59.150000000000006,4.9,67.67347,7.789374,0.1440992315039226,0.5896681376865931
84.05,9.8,88.297485,11.416899,0.0505352213154372,0.1649896660629583
81.25,9.5,85.22467,10.903722,0.0489190204326923,0.1477601904618112
85.55,12.5,74.75868,9.07246,0.1261404763182166,0.2742031860351562
62.05,6.0,66.294685,7.6366696,0.0684074998190094,0.2727782726287842
77.4,8.8,70.29262,8.488732,0.0918266434386103,0.0353713252327659
92.85,11.3,87.49123,11.634591,0.0577143112946788,0.0296098320885041
82.15,9.4,88.953804,12.024451,0.0828217165686339,0.2791969421062063
105.65,16.3,86.58321,11.999661,0.1804712370454109,0.2638244511890997
79.7,9.3,85.804924,10.956979,0.0765987956239707,0.1781697632164082
87.0,11.0,95.37473,12.92195,0.0962612985194414,0.1747227582064542
97.8,15.4,102.2841,14.418379,0.0458497279504569,0.063741634418438
87.05,11.9,86.376335,11.43714,0.0077388266049055,0.0388957592619567
110.6,17.8,90.21723,12.664229,0.184292660483831,0.2885264385952039
72.8,7.9,75.10681,8.856252,0.0316869714757898,0.1210445210903505
75.25,9.1,71.47569,8.303239,0.0501569069897217,0.087556168273255
70.9,7.6,64.447685,7.3798947,0.0910058499055117,0.0289612192856637
93.5,14.2,94.771706,13.00892,0.0136011297052556,0.0838788932477923
83.3,10.0,89.31779,11.586372,0.0722423429821147,0.1586372375488281
91.3,14.7,74.080376,9.46206,0.1886048666879877,0.3563224507026931
98.85,13.3,94.36058,12.754557,0.0454164851357011,0.0410107777530986
92.5,12.3,85.02905,11.498349,0.0807669974662162,0.0651748626212764
75.6,7.8,86.33564,11.16683,0.1420058194922392,0.4316448798546424
59.5,4.8,63.0252,7.179804,0.0592470569770877,0.4957924683888753
95.2,12.8,84.7233,11.307997,0.110049400009027,0.1165627539157868
105.6,14.8,97.02194,12.412725,0.0812316085353041,0.1613023345534866
82.15,10.0,89.26424,11.903335,0.0866005654314705,0.1903334617614746
81.8,10.5,77.02835,8.844022,0.0583331194366977,0.1577122097923642
74.5,9.2,71.69874,8.961195,0.0376008308973888,0.0259570660798445
82.55,11.0,76.98676,8.702412,0.0673923319141334,0.2088716680353338
92.6,13.9,94.172676,13.189361,0.0169835430499545,0.0511251353531432
76.55,8.9,83.85232,10.520866,0.0953927865455074,0.1821198195553897
94.65,13.2,92.21852,12.533212,0.0256891588149597,0.0505142645402387
91.05,11.6,87.198204,12.422809,0.0423041840688924,0.0709317799272208
100.95,14.1,79.431694,11.381013,0.2131580581400523,0.1928359633641885
101.4,15.9,86.68142,11.670407,0.1451536551029724,0.2660121197970408
95.75,12.8,90.4924,12.666734,0.0549096488454634,0.0104114264249802
95.4,13.2,89.99864,12.130581,0.0566180087235489,0.0810165983257871
75.55,7.4,70.82991,8.103462,0.0624763695788178,0.0950624620592271
89.05,12.4,85.05184,10.905933,0.0448979030225733,0.1204892435381489
89.75,11.3,87.38168,11.881592,0.0263879292522632,0.051468300608407
88.4,12.0,83.484276,10.750956,0.0556077396168428,0.1040870348612467
90.55,10.8,82.793015,10.280603,0.0856652178203513,0.0480922769617152
66.3,7.0,89.77181,11.338614,0.3540243203463778,0.6198020662580218
81.45,10.0,72.47959,8.62238,0.1101339303912964,0.1377619743347168
71.45,8.6,66.13124,7.800515,0.0744402960850026,0.0929633517597996
86.05,10.8,92.0407,12.335183,0.0696188590334017,0.1421465873718261
73.05,8.1,76.824776,9.232291,0.0516738630499765,0.1397890397060065
98.0,14.2,86.21258,11.68494,0.1202798181650589,0.1771168775961432
72.1,8.4,77.81576,9.607513,0.0792754195764889,0.1437515985398064
78.8,8.3,96.271454,13.539687,0.2217189575814959,0.6312876092382222
77.45,8.8,67.73879,7.623854,0.1253867989743887,0.1336529363285412
75.2,9.3,80.11984,9.630382,0.065423437889586,0.0355249015233849
77.85,10.0,93.50705,12.674338,0.2011181703345778,0.2674338340759277
98.45,17.7,90.724724,12.61138,0.0784690318342512,0.2874926766433284
94.7,12.9,102.76664,14.864135,0.0851809895403659,0.152258510737456
81.1,8.7,95.13087,13.540965,0.1730069914228673,0.5564327678461186
60.2,5.8,68.47913,7.8508105,0.1375271363115785,0.3535880220347437
70.0,7.0,61.436035,7.0114064,0.1223423549107142,0.0016294888087681
83.05,8.1,74.3143,8.466473,0.1051860260432344,0.0452435340410397
80.25,10.3,91.410515,12.176898,0.1390718359070775,0.1822231070509234
88.55,11.0,94.71589,13.478492,0.0696317219316858,0.2253174348310991
70.1,8.1,67.49228,7.56983,0.0372000135130616,0.0654530937289013
82.45,10.4,89.75507,12.561355,0.0886000430244181,0.207822561264038
61.5,4.2,65.958626,7.651316,0.0724979803814151,0.8217419442676361
85.6,11.6,84.00387,11.301566,0.0186464006655683,0.0257270582791032
86.3,11.6,88.177986,11.770088,0.0217611372539922,0.0146627755000673
68.2,7.8,78.13275,9.435092,0.1456415170798203,0.2096271759424454
87.6,11.3,88.23869,11.356616,0.0072910186906928,0.0050102672745695
80.95,8.8,82.99663,10.563749,0.0252826165239924,0.2004260583357376
81.9,10.3,79.37058,10.285115,0.0308842175755018,0.0014451221354957
77.55,8.8,75.7739,9.327438,0.022902606150014,0.0599361766468394
92.95,12.2,80.16489,10.008892,0.1375482896760691,0.1795990115306416
95.15,13.3,83.279686,11.008691,0.1247536944390847,0.1722788846582398
94.3,14.7,98.11703,13.420975,0.0404774897424692,0.0870085216703868
77.55,8.8,78.39815,8.979421,0.0109367837912032,0.0203887115825305
79.3,8.9,78.565155,9.526049,0.0092666452799889,0.0703425460986876
91.55,12.9,85.766716,11.810775,0.0631707700336649,0.084436061770417
100.55,12.3,90.400894,12.064201,0.1009359108399894,0.0191706215463034
84.55,12.4,95.276,13.038171,0.1268598577949438,0.0514653882672709
88.2,11.5,92.32471,12.376943,0.0467653858418367,0.0762558812680451
90.5,12.3,76.32896,10.352664,0.156586114872885,0.158320000501183
76.6,8.5,74.331436,8.614682,0.0296157159630996,0.0134920232436236
64.55,6.7,76.97766,9.76658,0.1925276705315647,0.4576984519389138
97.05,16.6,96.84978,13.407165,0.0020630889059279,0.1923394835138896
71.55,7.9,76.273506,9.90674,0.0660168576457132,0.2540177453922319
75.3,8.0,70.39168,8.1809635,0.0651835610033822,0.0226204395294189
71.15,8.0,74.02122,8.862901,0.0403544251045875,0.1078625917434692
75.05,10.1,78.68576,10.024065,0.0484445103004247,0.0075183150791885
93.0,13.2,106.55602,15.041521,0.145763684344548,0.139509172150583
86.45,12.9,76.540405,9.761815,0.1146280477335165,0.24327014952667
53.25,4.3,82.67803,10.258226,0.5526390971152435,1.385634045268214
95.75,12.9,95.54982,13.24151,0.002090653302464,0.0264736737391745
61.150000000000006,6.2,82.8727,10.912085,0.35523636226077,0.7600136418496408
60.05,5.2,76.28947,9.421428,0.2704324206146571,0.8118130243741548
80.45,9.7,97.00986,13.394826,0.2058403626815956,0.3809098902436876
68.1,7.1,76.58334,8.877999,0.124571857648449,0.2504224374260702
71.4,8.2,79.39104,9.299497,0.1119192855364801,0.134084957401927
68.45,8.1,68.062675,8.252339,0.0056585029061473,0.0188073287775487
85.05,9.3,82.200874,9.334424,0.0334994200045469,0.0037015074042862
94.15,13.2,89.02687,11.56425,0.0544145435205623,0.1239204551234389
89.8,12.0,82.68564,10.722139,0.0792245163949401,0.1064883867899576
100.55,13.1,87.416626,11.547651,0.1306153557775982,0.1184999014585072
84.55,11.5,89.99361,12.034874,0.0643832828785667,0.0465107793393342
101.15,13.3,79.41865,10.583272,0.2148428297962108,0.2042652646401771
93.0,12.1,75.82311,9.480414,0.1846977151850218,0.216494678465788
84.1,10.3,85.99791,11.385833,0.0225672954327995,0.105420658889326
91.65,11.5,95.17007,12.874459,0.0384077123131051,0.1195181971010954
94.45,14.9,73.66336,9.356887,0.2200808830523756,0.3720210158584902
108.8,19.5,83.00557,10.660462,0.2370811630697811,0.4533096215663812
73.05,8.4,79.78333,9.2603445,0.0921743028707328,0.102421964917864
94.9,12.6,96.3663,13.165942,0.0154510272943558,0.0449160469902886
89.45,11.8,80.59596,10.671759,0.098983090839418,0.0956136735819154
59.05,5.3,72.69777,7.7650433,0.2311222551234388,0.4651025016352816
98.5,14.6,97.735664,13.767057,0.0077597526124286,0.0570508617244354
75.7,9.2,89.948265,11.178181,0.1882201463102191,0.2150196407152259
91.85,13.0,76.21834,9.619437,0.17018684798372,0.2600432909451998
69.5,7.8,74.630035,9.027841,0.0738134589984262,0.1574154633742112
86.05,10.0,78.00768,10.0574255,0.0934609784974669,0.0057425498962402
89.5,13.5,93.35123,12.627851,0.043030467113303,0.0646036642569082
77.55,8.7,63.122936,7.3773203,0.1860356383136131,0.1520321506193313
69.3,8.4,83.804535,10.323146,0.2093006480823864,0.2289459364754812
91.65,13.5,101.3199,14.783922,0.105509007230718,0.0951053478099681
59.85,6.4,70.30127,7.753438,0.1746243864870509,0.2114746868610381
67.45,7.1,71.081345,8.014697,0.0538375775313889,0.1288305739281883
88.0,10.3,90.2018,12.130395,0.0250204259699041,0.1777082461755251
92.05,11.2,78.65509,10.180039,0.1455177584787479,0.0910679101943969
89.4,10.7,77.307396,10.246685,0.1352640275720515,0.0423658852265259
86.55,11.0,84.97041,10.904673,0.018250569520418,0.0086661252108487
93.05,13.4,95.29212,12.523607,0.0240958827211932,0.0654024437292298
97.2,13.1,95.87304,13.405777,0.0136518596131124,0.0233417540106154
56.75,4.3,57.68835,6.910967,0.0165348137002684,0.6072015984113827
83.35,10.1,76.61839,9.576623,0.0807631320415603,0.0518195086186474
96.5,14.3,79.99747,10.454439,0.17101070423818,0.2689203382372023
86.35,11.0,83.43831,10.807486,0.0337196442869679,0.0175013108686967
95.75,12.1,91.41556,12.583854,0.0452683252080613,0.0399879108775746
87.55,11.7,102.04408,13.884138,0.1655520575853976,0.1866784707093851
80.0,9.4,73.02362,9.948837,0.0872047424316406,0.0583869447099401
95.05,13.5,94.121254,12.006373,0.0097711313278783,0.110639007003219
100.6,16.0,91.3975,12.208299,0.0914761522418224,0.2369813323020935
84.6,9.9,82.55271,10.537349,0.0241996278154088,0.064378661338729
88.8,11.4,85.01894,10.942768,0.042579461862375,0.0401080616733484
94.25,10.8,92.214165,12.105139,0.0216003741762682,0.120846183211715
89.7,11.3,82.22088,10.710435,0.083379279809652,0.0521739014482076
98.0,14.1,96.744064,12.688754,0.0128156700912787,0.1000883629981507
58.55,6.7,66.84826,7.4197617,0.1417294444435178,0.1074271130917677
98.15,15.0,87.02129,11.956921,0.1133846801819998,0.2028719584147135
76.8,8.0,87.68746,11.426594,0.1417638262112935,0.4283242225646972
78.5,9.6,83.9734,10.245487,0.0697247936467456,0.0672382513682048
82.15,12.2,102.35171,14.046947,0.2459124462385403,0.1513890594732566
71.95,8.6,67.75205,7.7703195,0.0583453466695079,0.096474481183429
96.4,12.2,76.66709,10.249589,0.2046982223067541,0.1598697568549484
96.45,13.9,86.33428,11.182261,0.1048804362738546,0.1955207577712244
91.25,12.1,75.742775,9.1820755,0.1699421921821489,0.2411507850836131
76.45,8.7,76.46296,9.716389,0.0001695132707753,0.1168262876313309
93.1,12.4,81.25927,11.124623,0.1271829246578359,0.102852959786692
93.5,15.8,88.30424,11.170426,0.0555696538425384,0.2930109893219381
95.05,13.8,105.58276,14.649101,0.1108128739807996,0.0615290766176969
98.5,14.7,85.154884,11.052336,0.1354834077321938,0.2481404259091331
94.55,14.3,72.82511,8.815525,0.2297714289882585,0.3835297164383468
84.15,10.0,77.4437,9.672258,0.0796945609298407,0.0327741622924804
95.15,12.2,75.75377,9.729338,0.2038489866432114,0.2025133039130538
62.35,4.6,63.324028,7.146377,0.0156219409003483,0.5535602362259576
68.0,7.8,60.50293,7.197677,0.1102510340073529,0.0772208800682654
78.25,10.7,74.94139,8.73915,0.0422825432433107,0.1832570049250236
100.55,14.2,97.62612,13.055936,0.0290788511089398,0.0805678972056213
80.35,9.2,83.25914,11.032061,0.0362058495911442,0.1991370242574941
94.2,12.2,90.9629,12.082042,0.0343641374268096,0.0096687098018458
99.4,14.7,83.26033,11.663726,0.1623709235392826,0.2065492617029721
68.35,7.4,72.20086,8.3172655,0.0563402936331269,0.1239547987242002
82.55,8.1,107.87093,14.515016,0.3067345067560854,0.7919772348286194
93.605,11.0,90.814285,12.300343,0.0298137356089919,0.1182129599831321
82.3,10.4,74.46166,8.377755,0.0952410414036394,0.1944466187403752
82.0,9.5,83.05574,10.524867,0.0128748823956745,0.1078807429263466
85.5,10.6,88.840454,11.286436,0.039069638614766,0.0647581208426997
88.2,10.0,82.31487,10.787061,0.0667247988469476,0.0787060737609863
82.75,9.3,74.526024,9.148432,0.099383397404881,0.0162976582845052
88.05,10.6,95.59763,13.578496,0.0857198564658308,0.2809901867272719
100.0,13.1,85.76629,11.347513,0.1423371124267578,0.1337776184082031
75.75,7.1,68.7691,7.847759,0.0921571435708023,0.105318136618171
84.55,10.9,77.05279,9.956889,0.0886719363600033,0.0865239309608389
91.55,12.4,102.91986,14.507761,0.1241929092282223,0.1699807259344285
69.4,7.6,73.24716,8.411657,0.0554346090091407,0.1067970175492136
75.6,7.8,77.43639,10.057987,0.024290922457579,0.2894855401454828
85.05,10.6,96.32915,13.5103035,0.1326178405510545,0.2745569337089107
72.0,8.1,78.08519,9.205794,0.0845165252685546,0.1365178190631631
107.15,14.8,94.176926,12.802335,0.1210739555839507,0.1349773793607145
90.3,11.3,85.112144,11.243486,0.0574513347705997,0.0050012031487659
76.55,9.2,70.10443,7.816826,0.0842007687479588,0.1503450144892152
70.19999999999999,7.8,80.1443,9.868467,0.1416567288912261,0.2651881193503355
96.35,13.8,95.36871,13.319786,0.0101846042666709,0.0347981107407722
94.05,12.8,90.61514,12.615772,0.0365216074187599,0.0143927931785584
99.2,13.6,102.553604,14.18845,0.0338064932054088,0.0432683720308191
94.6,12.6,74.898865,9.2295685,0.2082572436987975,0.2674945649646577
75.25,8.1,67.31844,7.949558,0.1054027468659156,0.0185731134296934
90.05,11.2,89.16514,12.735691,0.0098263382051203,0.137115274156843
78.95,10.2,73.2855,8.6115,0.0717479471468789,0.1557353150610829
79.0,8.9,86.52646,11.266954,0.0952716296232199,0.2659499350558506
88.5,10.9,105.593956,15.0610285,0.1931520451260152,0.3817457321586958
69.75,7.9,69.73428,8.2490225,0.0002253269209229,0.0441800612437573
74.15,7.7,76.09787,9.590067,0.0262693172359658,0.2454632350376673
81.95,9.5,73.288574,8.406373,0.1056915897651007,0.1151186290540193
87.35,16.7,93.34948,12.7357435,0.0686832246742183,0.2373806273865842
93.05,13.6,66.439545,8.275232,0.2859801754139239,0.3915270356570973
73.7,8.4,74.93523,8.26769,0.0167601959352738,0.0157512256077358
77.85,9.2,79.39415,9.517631,0.0198349361627931,0.0345250627268916
84.0,10.5,86.844444,11.515051,0.0338624318440755,0.0966715131487165
84.75,10.7,73.37915,9.235474,0.1341693169247787,0.1368716231016354
87.95,10.8,82.09297,10.236375,0.0665949766713154,0.052187513422083
93.6,12.0,87.532814,11.953294,0.0648203629713791,0.003892183303833
98.95,14.1,94.81982,13.15259,0.0417401052111625,0.0671922129096714
84.2,10.2,96.44787,13.449013,0.1454616193250352,0.3185306623870252
65.0,6.4,69.87948,8.601837,0.0750688993013822,0.3440370559692382
68.75,7.2,75.12677,8.655772,0.0927530184659091,0.2021905846065944
82.25,10.9,76.3102,9.011667,0.0722163701854578,0.1732415365516592
89.4,11.1,79.82323,10.863013,0.1071227412895868,0.0213501560795414
104.9,15.9,96.09002,13.14338,0.0839845640984345,0.1733723166603712
53.0,4.0,74.1815,8.7526655,0.3996510055829894,1.1881663799285889
90.75,11.4,95.069626,12.564829,0.0475991829696108,0.1021779712877775
72.5,7.4,75.186646,8.768329,0.0370571794181034,0.1849092792820285
80.0,11.0,83.138374,10.474165,0.039229679107666,0.0478031852028586
89.25,11.3,76.03526,9.755409,0.1480642794227065,0.1366894477236588
75.9,7.8,84.914215,10.907369,0.1187643621592966,0.3983805974324544
97.15,12.6,96.31012,13.338088,0.0086451916736361,0.0585784155224997
83.9,9.8,78.46604,10.187068,0.0647670850424147,0.0394967332178231
82.3,10.5,88.49709,11.551186,0.075298823823616,0.1001129150390625
85.2,10.0,76.68626,9.764867,0.0999265679731055,0.0235133171081542
91.75,10.7,88.17308,11.775481,0.0389854992442949,0.1005122639308466
90.29,12.0,81.515335,10.833801,0.0971831312104573,0.0971832275390625
90.45,11.8,78.521515,9.29612,0.1318793267818891,0.2121932466151351
91.3,11.2,78.81952,9.870235,0.1366974913146905,0.1187289782932825
101.2,16.9,76.64846,9.756853,0.2426041463618222,0.4226714139859351
79.65,10.0,82.086685,10.50702,0.0305924065368996,0.0507019996643066
92.6,11.9,85.34342,10.627839,0.0783647739089075,0.1069042782823578
93.45,12.6,75.971924,10.005967,0.187031312700642,0.205875623793829
74.05,9.9,76.24693,9.014226,0.0296682374530511,0.0894721252749665
101.15,15.1,76.441475,9.156865,0.244276075980714,0.3935850913950939
61.7,5.5,80.480446,9.838085,0.3043832392514814,0.7887427590110085
61.55,6.6,84.98293,10.717378,0.380713778138645,0.6238451004028321
95.75,12.6,95.14685,13.567067,0.006299210590731,0.0767513608175611
88.65,10.6,76.39748,9.774127,0.138212338451336,0.0779125465537017
71.2,8.7,77.18972,9.00324,0.0841252830591094,0.0348551300750382
76.95,9.2,80.642,10.576012,0.0479791850684291,0.1495664845342222
101.45,15.6,97.62219,13.717491,0.0377309770052982,0.1206736442370292
72.65,7.9,77.77284,9.026798,0.0705140042288583,0.1426326896570905
88.45,13.2,87.53733,11.575506,0.010318477926044,0.1230677113388523
92.5,12.0,75.97086,10.4236,0.1786933692725929,0.1313666502634684
87.0,12.2,91.679825,12.344509,0.0537910899896731,0.0118450102258901
66.8,7.0,80.195305,9.533977,0.200528516027028,0.3619966506958008
75.45,8.3,65.1974,7.9758077,0.1358859780768514,0.0390593172555947
81.35,8.8,76.90945,9.185052,0.0545857809919041,0.0437558997761118
84.75,10.5,108.35095,14.851106,0.2784773114859882,0.4143910180954706
58.1,4.4,73.778465,8.467812,0.2698531027710171,0.9245026328346944
91.1,12.1,105.319,15.105641,0.1560812320981408,0.2484001128141545
91.9,12.9,93.67638,13.203894,0.0193294487788186,0.0235576481782188
76.45,8.8,91.13883,12.262629,0.1921364564066076,0.393480517647483
54.25,4.3,76.645706,8.9651165,0.4128240769909274,1.0849108141522077
69.05,7.7,69.66033,8.718782,0.0088389822747895,0.1323094058346438
67.5,7.8,63.670673,7.3369474,0.0567307648835358,0.0593657126793494
79.8,8.7,82.85448,10.321912,0.0382766532419917,0.1864266450377717
92.3,11.8,84.6681,11.716844,0.082685823946836,0.0070471521151268
56.75,4.3,72.16324,8.727498,0.2715989167469713,1.029650710349859
70.45,6.9,72.01527,8.256945,0.0222181180760401,0.1966586458510246
93.85,12.4,93.54206,13.215366,0.0032811843148557,0.0657553518972089
91.45,12.0,97.06603,13.416371,0.0614109612866918,0.1180309454600016
71.55,7.9,84.01425,10.333453,0.1742033781828704,0.3080320478994634
65.05,9.8,78.37685,9.167143,0.2048708118904929,0.064577258363062
86.7,11.1,90.38248,11.762711,0.0424737809301109,0.0597036550710867
91.25,11.8,93.430725,12.874867,0.023898357234589,0.0910904609550863
91.1,12.2,90.317444,12.094605,0.0085900785109082,0.0086388978801789
68.95,8.3,69.31678,7.9930587,0.0053195081991592,0.0369808817484293
77.2,8.6,85.08231,10.775511,0.1021025069637001,0.252966370693473
99.55,15.7,78.92238,9.683891,0.2072086535405418,0.3831916371728204
85.25,10.5,95.621796,12.837475,0.1216632921325146,0.2226166498093378
86.35,11.2,89.068146,11.697689,0.0314782368494861,0.0444365228925433
91.3,12.3,85.817795,11.572818,0.0600460591478128,0.0591205038675448
90.6,10.5,91.78755,13.050802,0.0131076366432982,0.2429335457938058
81.6,10.1,90.56591,11.4374,0.1098763521979837,0.1324158281382948
90.7,12.0,82.520805,11.0397,0.0901785517212049,0.08002503712972
72.05,7.3,76.36197,8.781205,0.0598468979061849,0.2029048188091957
59.55,5.7,69.55066,8.32494,0.1679371818587322,0.4605157417163514
67.1,8.3,67.297806,8.188255,0.0029479252776873,0.0134632156555911
85.55,10.6,88.273994,12.138038,0.0318409637147958,0.1450978944886405
73.05,7.4,79.05994,9.378084,0.0822715472065366,0.2673086733431429
85.35,10.8,79.3232,10.37049,0.0706128129919997,0.0397694375779894
72.15,8.7,73.356026,9.183725,0.0167155328593316,0.0556006157535246
87.7,12.6,86.09816,11.153604,0.0182649966928271,0.1147933687482561
99.45,14.1,99.32699,13.760382,0.0012369208625958,0.0240864043540142
93.6,12.8,81.149895,11.090592,0.13301394535945,0.1335474699735642
107.6,17.2,94.842285,13.047711,0.1185661230831783,0.2414121295130529
61.2,5.8,63.471825,7.310587,0.0371213177450341,0.260446022296774
72.05,7.8,80.164375,9.626999,0.1126214476776653,0.2342306283804086
77.85,8.7,88.14309,11.780943,0.1322169466208554,0.354131369755186
78.3,9.1,65.78871,7.345766,0.1597865702700949,0.192772959614848
75.05,9.2,97.33265,13.119355,0.2969040537102869,0.4260168697523035
92.95,12.7,86.32901,11.95309,0.0712317373882127,0.0588118335393469
94.0,12.8,103.29103,14.09838,0.0988407540828623,0.1014359444379806
91.55,12.7,89.350655,12.287398,0.024023434166567,0.0324883198174904
71.85,9.0,69.175674,7.8878374,0.037220954231363,0.123573621114095
88.0,12.0,91.38651,11.950812,0.0384830995039506,0.0040989716847737
82.05,10.2,87.58416,12.050778,0.067448627069765,0.1814488616644168
68.0,7.9,70.53156,8.247587,0.0372288647819967,0.0439983802505685
82.65,9.7,90.470924,11.601398,0.0946270342098173,0.1960204606203689
91.85,12.3,80.64409,10.68411,0.122002299998724,0.1313731961134004
93.95,12.6,86.19245,10.972929,0.0825710327083472,0.1291326189798022
64.3,7.2,81.92813,10.56976,0.2741544495103519,0.4680222670237223
73.7,8.9,70.313225,8.244443,0.0459535306312012,0.0736580966563707
97.75,14.4,82.92199,11.083994,0.1516932026504555,0.2302782005733914
72.15,8.5,70.95677,8.165707,0.0165381586890376,0.0393286312327665
103.3,16.3,96.25878,13.429196,0.0681628128450583,0.1761229228388312
87.45,11.2,92.870895,12.981677,0.061988512129699,0.1590783085141864
53.55,4.3,68.9714,7.847335,0.2879812773091008,0.8249615957570631
90.75,11.4,91.99208,12.14274,0.0136868395424414,0.0651526534766481
72.75,8.9,69.18924,7.777982,0.0489451614851804,0.1260694118028276
93.2,12.7,86.4759,11.596377,0.0721470091987577,0.0868994194691575
59.3,5.7,64.79711,7.1137156,0.0927000254844936,0.2480202892370391
83.05,8.1,74.6305,9.238656,0.10137867798366,0.1405748202476973
87.0,11.7,97.3071,13.404438,0.1184723952720905,0.145678463145199
98.05,12.6,92.828766,12.577636,0.0532507305544046,0.0017749392797076
84.0,11.1,89.24381,12.168971,0.0624263400123232,0.0963036992528417
62.2,6.5,68.42716,7.8033047,0.1001151474342468,0.2005084111140324
85.75,10.6,86.18034,11.424849,0.0050185845822704,0.0778159015583542
82.05,11.2,87.0043,11.72784,0.0603815110117687,0.0471286092485701
53.1,4.7,88.169495,10.706019,0.6604424600547316,1.277876468414956
64.5,6.6,82.18683,10.378516,0.2742143971051357,0.5725024541219076
59.85,6.4,62.34798,7.0930142,0.0417373517003772,0.1082834750413894
84.55,11.6,80.458305,10.227532,0.0483937864117478,0.1183161735534667
79.65,10.0,79.88355,10.1657915,0.0029322354208352,0.0165791511535644
94.85,13.0,105.76152,14.887099,0.1150397510357637,0.1451614820040189
59.150000000000006,4.7,68.491936,7.9717383,0.1579363606082918,0.6961145401000975
90.35,10.9,94.00347,13.051255,0.0404368718817014,0.1973628647830508
79.05,8.7,86.47445,11.384977,0.0939209254612883,0.3086180851377291
79.35,10.7,74.6585,9.612657,0.0591241251243008,0.1016208791287145
57.55,5.0,67.9847,8.048596,0.1813154311722823,0.6097192764282227
87.3,11.1,82.30329,10.884233,0.0572360673447791,0.0194384256998697
89.05,11.4,104.29959,14.464922,0.1712475133571379,0.2688528027450829
69.15,7.7,72.55833,8.227427,0.0492888896773882,0.0684969518091771
70.0,8.4,73.07456,8.8935995,0.0439223153250558,0.0587618464515322
91.95,12.3,89.75856,12.613267,0.0238329507268726,0.0254688573077441
91.2,11.1,88.66291,11.985009,0.0278189642387524,0.0797305579658027
96.65,14.8,89.805145,12.598277,0.070821052626261,0.148765061352704
67.05,7.3,77.37132,8.945463,0.1539347148670535,0.2254059151427387
78.8,8.6,63.66855,6.8322225,0.1920234951271018,0.2055555277092512
91.0,12.2,82.794685,10.954306,0.0901682927058293,0.1021060943603515
96.55,14.4,96.04212,13.471537,0.0052602601014289,0.0644766224755181
98.25,14.3,90.44641,12.334936,0.0794258408874045,0.1374170530092466
77.5,8.3,80.030174,10.028099,0.0326474097467237,0.2082047060311557
80.05,8.6,69.42407,7.8567295,0.1327411334712679,0.0864268014597337
96.9,13.6,86.51413,11.145778,0.1071813246783088,0.1804575218873865
79.0,8.6,74.26311,9.498894,0.0599606670910799,0.1045225276503452
94.6,12.8,80.30794,10.661971,0.1510788834876287,0.1670335084199906
101.5,13.8,97.206184,13.371516,0.0423036020964824,0.0310495487157849
86.8,12.7,92.44847,11.963312,0.0650745514900454,0.0580069173978069
75.05,7.4,75.36707,8.848875,0.0042248242382682,0.1957939251049144
96.5,12.7,94.456635,12.56842,0.0211747717980893,0.010360597625492
74.1,8.5,74.64964,9.164726,0.0074175835942772,0.0782030890969669
87.6,11.3,90.824554,11.850472,0.0368099822301299,0.0487143761288802
77.45,8.8,68.67774,8.240235,0.1132634989748931,0.063609621741555
88.25,13.6,90.52164,12.246559,0.0257409287579674,0.0995177100686465
90.75,12.2,93.81803,12.620499,0.033807507559616,0.0344671030513576
87.05,10.9,79.82386,10.408276,0.083011370839092,0.0451123298855003
89.55,11.5,81.351524,10.831837,0.091551933522866,0.0581011564835258
79.6,9.9,89.59906,11.801119,0.1256163323943939,0.1920322071422229
94.1,11.7,83.91043,11.250321,0.1082844749393928,0.0384340693808008
91.55,12.4,79.33681,10.012133,0.1334046176845814,0.192569948011829
87.75,10.8,80.42342,10.625183,0.0834937462439903,0.0161867494936343
80.45,9.6,67.406525,8.187463,0.1621314523529755,0.147139290968577
97.25,12.8,94.9168,13.73923,0.0239917588417818,0.0733773559331893
66.55,6.9,75.63577,9.07936,0.1365255102190552,0.3158492765564848
58.0,4.8,71.0425,8.183639,0.2248707475333378,0.7049247026443483
86.15,10.6,79.27305,10.171782,0.0798253232631584,0.0403979679323592
81.15,9.0,75.11548,8.74571,0.0743625568006778,0.028254403008355
87.85,11.4,96.8488,12.944901,0.1024337012997119,0.1355176724885639
98.25,14.3,74.41666,9.49008,0.242578559856075,0.3363580503663817
91.75,13.8,86.03876,11.433071,0.0622478765752724,0.1715165843134341
97.05,15.1,85.14894,10.874619,0.1226281191134563,0.2798265873991101
98.05,13.3,78.23397,10.143812,0.2021012683111693,0.2373073549198925
90.75,11.2,82.58261,9.761438,0.0899987759340564,0.1284430027008056
78.4,9.2,77.1587,10.552549,0.0158329204637177,0.1470162350198497
71.0,7.2,75.35289,8.63605,0.0613083100654709,0.1994514200422498
94.9,11.8,102.469246,14.595288,0.0797602308813964,0.2368888370061324
91.85,13.0,91.49606,12.238589,0.0038534215305184,0.0585700548612154
77.1,8.3,87.70598,11.92982,0.1375613280616691,0.4373277181602384
61.95,6.1,83.70458,10.964243,0.3511635547111455,0.7974168746197811
74.15,9.2,75.455376,9.21214,0.0176045269236239,0.0013195742731509
72.0,9.2,69.4534,8.063707,0.0353694491916232,0.1235100704690683
70.0,8.8,75.30411,8.87372,0.075772966657366,0.0083772919394752
91.9,13.2,84.30454,10.958875,0.0826491562404363,0.1697822195110898
84.2,10.0,73.03681,9.08455,0.1325794319642128,0.0915450096130371
92.2,11.2,84.93693,11.341516,0.0787751866007575,0.012635316167559
86.1,10.2,85.1561,10.675437,0.010962863970855,0.0466114679972331
90.5,13.1,86.21406,10.955263,0.0473584759959858,0.1637203711589784
85.3,11.0,72.68975,8.980531,0.1478341070177406,0.1835881146517667
86.65,9.9,93.61929,12.2659,0.0804303890697128,0.238979763454861
100.95,16.2,80.53705,10.257882,0.2022085355141778,0.3667974001095618
89.25,11.3,76.237816,10.128611,0.1457947803144695,0.1036627777909811
83.45,10.1,85.8306,11.614783,0.028527224970978,0.1499785432721129
90.9,11.8,98.576996,13.296494,0.0844553998856916,0.1268214856163929
74.7,8.9,95.871025,13.48493,0.2834139904343938,0.5151606784777695
87.25,10.9,88.4021,11.77175,0.0132045800501432,0.0799771055169061
70.0,7.2,83.03483,10.426156,0.1862118312290736,0.4480772283342149
76.45,10.2,73.17129,8.327564,0.0428870171795802,0.1835721333821614
58.0,4.6,70.13599,8.039759,0.209241143588362,0.7477736265762994
66.05,6.3,75.22465,8.89337,0.1389045801964066,0.4116459801083519
78.05,8.8,78.26705,10.449639,0.0027809314129064,0.1874590136788107
60.05,6.4,75.42636,9.06948,0.2560593019814218,0.4171062409877776
58.05,4.8,80.474464,10.42885,0.3862956833161741,1.1726771195729575
69.05,6.6,71.19587,8.464549,0.0310770375930598,0.2825074340357925
91.95,12.3,91.825134,12.705132,0.0013579741452556,0.0329375228261559
88.35,10.1,84.22297,11.661866,0.0467122913958598,0.1546402166385462
81.95,11.0,90.78591,12.341372,0.1078207633930273,0.121942866932262
76.7,10.4,85.1187,10.97768,0.1097613835738876,0.0555461736825795
91.45,12.0,87.83385,11.897434,0.0395424051842708,0.0085471471150716
77.45,10.9,81.60244,10.641395,0.0536144593979482,0.0237252646629963
76.35,9.5,70.73738,8.426231,0.0735117094768131,0.1130282753392269
88.55,12.2,79.678955,10.144045,0.1001811961815358,0.168520911795194
61.150000000000006,6.6,77.37446,9.228388,0.2653222945705359,0.398240580703273
98.5,15.2,97.835655,13.209517,0.0067446171329711,0.1309528601797003
93.05,14.0,74.8554,9.166581,0.1955357325583103,0.3452442032950265
99.35,15.2,112.39119,15.760117,0.1312651190256197,0.0368497748123972
56.5,5.1,66.14505,7.7134905,0.1707088504217367,0.5124491149303961
87.3,12.0,100.27306,13.698904,0.1486032492516377,0.1415753364562988
101.35,13.8,81.03786,10.723064,0.2004158159283269,0.222966346187868
74.1,8.6,67.07379,7.6791368,0.0948206274776483,0.1070771217346191
88.25,11.7,92.60591,12.878377,0.0493587677607117,0.1007159795516577
63.4,6.5,69.447525,8.148529,0.0953868300380767,0.2536198542668269
75.65,8.7,69.90191,7.988876,0.0759826982880143,0.0817384062142207
64.05,5.2,69.35673,8.41384,0.0828528899312671,0.618046210362361
71.85,7.9,67.57289,7.7579618,0.0595283057014395,0.0179795253125927
97.2,13.1,110.42556,15.141378,0.136065432073648,0.1558304124206077
103.05,16.6,92.36902,13.537462,0.1036485341612081,0.1844902268375259
87.5,11.0,95.574715,13.3664465,0.0922824532645089,0.2151314995505593
54.05,4.1,77.092285,9.314431,0.426314248959297,1.2718124854855424
75.25,8.6,70.0141,7.989575,0.069580078125,0.0709796617197435
75.0,10.2,77.04514,9.562318,0.027268575032552,0.062517858019062
84.45,10.1,91.97974,12.681434,0.0891620642761989,0.2555874928389446
56.5,5.1,59.23429,6.594964,0.0483945323302682,0.2931302014519187
63.150000000000006,7.0,79.93938,9.849041,0.2658650329541517,0.407005855015346
75.0,8.7,73.23536,8.777924,0.0235285441080729,0.0089567337913075
96.05,14.2,106.71758,15.03698,0.1110628079399971,0.0589422306544344
70.35,7.9,74.009705,8.257089,0.052021387204602,0.0452010963536515
93.7,13.9,86.36055,11.415397,0.0783292430442069,0.1787484395418236
88.65,11.7,95.08875,13.888162,0.0726311646540555,0.1870223640376686
93.85,12.4,89.22069,11.417188,0.0493267142652004,0.0792590571988013
97.6,14.4,82.09839,10.47329,0.1588279849193134,0.2726881636513604
88.25,10.8,88.506905,11.727427,0.0029111003065244,0.0858728267528392
69.65,8.1,80.846855,9.301158,0.1607588681058752,0.1482911051055531
94.4,12.8,82.80572,11.03325,0.1228207895311259,0.1380273550748825
83.1,9.6,79.34788,10.140659,0.04515189527748,0.0563186804453532
89.25,13.2,74.38086,9.605401,0.1666010154061624,0.2723181030967018
90.05,10.7,96.60655,12.78466,0.0728101290841026,0.194828069098642
84.55,9.5,91.95964,12.422436,0.0876361975509129,0.3076248168945312
82.25,11.4,88.96969,12.301353,0.0816983393985087,0.0790660925078809
92.5,12.3,91.66156,12.305481,0.0090642155827702,0.0004456062627031
68.45,7.3,66.168915,7.4989386,0.0333248386424854,0.0272518576008
75.15,8.8,68.55319,8.052914,0.0877818744022372,0.0848961743441495
58.55,6.0,77.49407,9.147795,0.323553748257032,0.524632453918457
77.35,8.5,79.77359,9.55026,0.0313327742455155,0.1235599517822265
83.65,9.9,98.159546,13.809531,0.1734554201845486,0.3949021426114169
89.6,11.0,95.78786,12.796088,0.0690609046391079,0.1632807471535422
90.05,12.3,93.94916,12.964632,0.0432999190987646,0.0540351247399802
92.05,12.1,91.31473,12.24677,0.007987748145539,0.0121297442223415
76.45,8.2,66.781075,7.679283,0.1264738453377923,0.0635020558427019
68.95,9.4,69.48879,8.379136,0.0078142482876517,0.1086025440946538
101.45,15.6,76.66368,10.441964,0.2443205418405772,0.3306433237515963
86.5,10.9,88.73342,10.693687,0.0258198997188854,0.0189277578931336
96.05,13.3,88.93564,11.683378,0.0740693552552381,0.1215505098041735
96.25,12.9,102.43819,14.691737,0.0642928482650162,0.1388943546502165
74.05,8.8,78.338,9.309543,0.0579067850982233,0.0579025745391844
79.05,9.9,65.03773,7.5136285,0.1772583509682854,0.2410476279981208
73.2,6.1,69.39949,8.106012,0.0519195306496542,0.3288544826820249
88.5,12.3,95.37322,13.31537,0.0776635293906691,0.0825503744730134
93.3,13.4,104.25855,14.644367,0.1174550112676263,0.0928632252251923
62.45,5.8,75.93801,8.810445,0.2159809634817228,0.5190422123876112
76.0,9.5,77.34108,9.325264,0.0176457856830797,0.0183932655736019
82.45,9.9,88.11932,11.428433,0.0687607487018647,0.1543872139670631
92.05,12.3,72.08811,8.9142685,0.2168591865568559,0.2752627240933054
93.65,13.1,97.3789,13.097706,0.0398173905029948,0.0001751266363012
74.35,8.5,70.5024,7.8229227,0.0517497880393093,0.0796561521642348
96.9,13.6,67.38892,8.420662,0.3045518715684259,0.3808336818919462
77.05,8.9,83.11207,11.450444,0.0786770691274436,0.28656676646029
92.15,11.5,82.40162,10.4629545,0.1057881827724413,0.0901778677235479
101.0,14.6,84.863235,11.433012,0.1597699458056157,0.2169169857077402
96.0,14.7,86.83979,11.627712,0.0954188505808512,0.2089991666832748
82.55,9.7,90.11623,11.822784,0.0916562834196131,0.2188437550338274
96.75,14.0,83.20914,10.737648,0.1399572406936369,0.2330251421247209
98.05,12.1,93.44546,12.735332,0.0469611681948383,0.052506738457798
73.8,7.7,67.911156,7.7375197,0.0797946382021193,0.0048726936439414
63.55,5.8,59.014797,6.778907,0.0713643239859423,0.1687770383111362
99.25,15.4,96.8316,13.290499,0.0243667871585721,0.1369806017194475
84.2,10.1,101.62863,13.598016,0.2069908740118393,0.3463381965561669
76.7,8.4,70.9082,8.233517,0.0755123451760104,0.0198194412958054
86.35,11.4,88.44835,11.589242,0.0243005095428308,0.0166001738163462
94.1,11.3,95.10209,12.99707,0.0106491915857881,0.1501832134955751
97.65,12.9,96.98962,13.8463745,0.0067627609417003,0.0733623652495154
69.05,8.1,77.0586,8.982445,0.1159826412656703,0.1089437979239005
90.95,14.4,88.32473,12.351197,0.0288649816444904,0.1422779692543877
70.95,6.5,76.570465,8.912421,0.0792172669188248,0.3711417271540715
85.0,9.8,80.83913,10.542093,0.048951451918658,0.0757238037732181
84.05,8.8,89.7678,11.519933,0.0680285470248829,0.309083266691728
99.2,15.1,82.37072,9.702552,0.1696500009106051,0.3574468978982887
86.65,9.9,74.005646,9.306592,0.1459244575654573,0.059940203271731
79.75,8.8,97.89543,13.178841,0.2275289218627547,0.4975955269553443
92.45,11.8,83.6719,11.133456,0.0949497253847096,0.0564867601556293
85.05,10.1,87.16269,11.639389,0.0248405550733025,0.1524147562461324
97.7,13.6,78.05998,10.409601,0.2010237226222652,0.2345881462097167
55.5,3.7,65.62378,7.565593,0.1824104377815315,1.044754801569758
73.25,9.8,70.79855,8.439672,0.0334668468696672,0.1388089316231864
71.25,7.7,83.2426,9.66774,0.1683171857867324,0.255550632229099
88.05,10.9,84.981514,11.800233,0.0348493585797753,0.0825901731438592
92.35,12.7,93.862015,13.263704,0.0163726558798897,0.0443861653485636
86.1,11.3,87.876015,11.687053,0.020627348542075,0.0342524536943013
79.05,8.8,75.67246,8.678377,0.0427265975537139,0.0138207782398571
91.0,12.9,95.22388,13.955264,0.0464162302541208,0.0818034179450929
60.45,7.2,65.08415,7.5573735,0.076660913510003,0.0496352116266886
87.0,10.9,83.51945,11.012881,0.0400063525671246,0.0103560806414402
74.7,8.4,68.2704,7.5690618,0.0860722757566725,0.0989212195078532
87.5,11.2,83.879715,10.550139,0.0413746861049107,0.0580232654299054
82.05,9.4,76.584854,9.55925,0.0666075060819431,0.0169414763754986
83.95,11.7,84.365234,11.246205,0.0049462105419892,0.0387858692397418
80.3,10.5,83.759636,10.698864,0.0430838844992898,0.0189394269670758
92.05,13.3,96.6746,13.333554,0.0502400727196921,0.0025228772844586
90.8,12.0,95.71846,12.48353,0.0541680625881918,0.0402941703796386
68.2,7.3,69.11071,7.955306,0.0133535211736505,0.0897679524878933
84.55,11.5,94.44457,12.4845295,0.1170262856147897,0.0856112604555876
80.9,9.3,88.613754,12.45295,0.0953492493505677,0.3390268305296538
74.75,9.0,83.9221,10.133487,0.1227036287952027,0.1259429719712999
92.65,12.1,86.35346,12.024757,0.0679604725392522,0.0062183979129002
87.45,10.9,89.618484,11.966479,0.0247968495948577,0.0978421377479482
90.95,11.5,89.48239,11.470916,0.0161364336732064,0.0025290613589079
79.35,9.3,71.48595,8.2584505,0.0991059022649849,0.1119945690196048
89.25,12.8,92.72654,12.605988,0.0389528247822566,0.0151572227478027
96.2,15.2,84.42904,11.239111,0.1223592619390349,0.2605848061411004
91.3,12.8,81.4768,11.036583,0.1075925628561832,0.13776695728302
85.1,11.8,83.04992,10.816191,0.0240902570103645,0.0833736678301278
61.05,6.8,74.82611,8.448063,0.2256529212095619,0.24236219069537
84.75,10.2,82.96372,10.81499,0.0210770238465615,0.0602931415333468
88.15,11.3,92.15408,12.694269,0.0454235195910733,0.1233866531237036
60.35,6.0,72.240265,8.260328,0.1970217877809134,0.3767213821411133
86.5,10.3,86.934975,12.392721,0.0050286089064757,0.2031768132182
80.5,10.9,91.67323,12.209571,0.1387979258661685,0.1201441178628063
61.150000000000006,5.5,75.99509,8.932522,0.2427651131630722,0.6240948763760653
70.45,7.9,63.85284,7.356996,0.0936431451584956,0.0687346760230728
79.75,9.2,91.577835,11.5881815,0.1483114116991575,0.2595849451811418
95.05,14.6,85.54921,11.952025,0.0999557117861487,0.1813681223621107
71.55,7.0,74.599915,8.694959,0.0426263389347484,0.2421369552612304
98.15,15.0,87.06324,11.845389,0.1129573097170705,0.2103073755900065
96.05,11.6,91.4435,12.5202055,0.0479594304622429,0.0793280601501465
61.650000000000006,5.8,68.95869,8.075029,0.1185512867577173,0.3922464436498182
86.05,10.8,84.83886,10.242529,0.0140748453445035,0.0516176930180303
92.6,11.9,84.131744,10.450383,0.0914498446569586,0.1218165389629973
101.5,13.8,76.10044,9.739891,0.250241960797991,0.2942107933155005
95.5,13.5,83.264175,10.831581,0.12812381764357,0.197660658094618
75.05,9.2,71.4703,8.800724,0.0476975514045323,0.0433995620064112
97.0,12.9,79.17145,10.115562,0.1837995076916881,0.2158478729484617
67.65,8.3,71.25,8.414376,0.0532150776053214,0.013780272150614
88.0,12.0,83.24922,11.370524,0.0539861158891157,0.0524562994639078
73.05,7.8,68.37967,7.8477964,0.0639333444291153,0.0061277487339117
100.55,12.3,101.1514,14.22708,0.0059810811047053,0.1566731987929925
76.7,10.4,88.12316,11.846036,0.1489330028150973,0.1390419189746563
85.0,10.9,80.11076,10.58268,0.0575204288258272,0.0291119496756737
78.3,9.2,91.41125,12.103651,0.167448879353997,0.3156142442122751
67.0,7.7,75.38161,8.572838,0.1250986127711054,0.1133555622843952
64.3,7.2,60.333054,6.760736,0.0616943454297482,0.061008890469869
105.5,16.6,91.83169,12.4503355,0.1295574604052503,0.2499797889985234
93.75,11.9,84.310455,11.188292,0.1006884765625,0.0598074327997801
77.5,9.5,83.66918,10.820513,0.0796023461126512,0.1390013443796258
92.35,13.3,95.16217,13.045343,0.0304512226329859,0.019147112853545
94.55,13.8,90.94049,13.018193,0.0381756666033183,0.0566526634105738
78.3,9.1,70.14034,7.8280606,0.1042101824725115,0.1397735574743249
76.65,7.9,79.25653,9.276952,0.0340056198528211,0.1742976949184755
82.95,10.6,85.256325,10.924919,0.0278037946722893,0.0306527479639593
86.75,12.3,84.44947,10.915336,0.0265190718153368,0.1125743369746014
65.3,6.1,78.53465,9.286305,0.2026746203669363,0.5223451520575852
97.95,13.4,83.27704,10.311901,0.1498005250207376,0.2304551423485599
91.05,11.9,80.05706,10.677692,0.1207351977847422,0.1027149232495732
77.45,8.6,80.60568,9.567104,0.0407447691807213,0.1124539929766988
94.85,13.7,93.17978,13.37099,0.0176090769347983,0.0240153431022253
86.75,10.8,90.17685,12.293845,0.0395025863427593,0.1383189978422941
89.8,10.9,83.0139,11.221683,0.0755690338882412,0.0295121604149494
104.05,15.8,83.64431,10.622153,0.1961142720080865,0.3277118175844603
95.05,16.2,76.102455,9.553344,0.1993429233123602,0.4102874214266553
82.2,9.3,81.81659,10.192398,0.0046643630721563,0.0959567818590389
92.15,12.8,80.36079,10.212258,0.1279350359415271,0.2021673172712326
106.9,16.2,74.38275,9.317609,0.3041838029481408,0.4248389609066056
84.7,10.5,83.806526,10.790779,0.0105486873189843,0.0276932489304315
85.0,11.1,70.41611,8.263403,0.1715752096737132,0.2555492847889393
76.35,8.8,70.756676,8.365257,0.0732589951510825,0.0494025837291371
60.05,6.9,83.60928,10.83874,0.3923277843008431,0.5708319346110026
82.85,9.1,85.292465,11.773986,0.0294805698245134,0.2938446003002125
92.55,13.6,83.87917,11.3510685,0.0936880250804041,0.1653626105364631
81.75,9.4,97.959366,13.160592,0.1982797045226491,0.4000629871449571
52.45,3.4,77.908806,9.078004,0.48539191319672,1.67000114216524
73.7,8.4,81.16977,10.129507,0.1013537216704121,0.205893698192778
76.75,9.2,92.283455,11.541069,0.2023902917917854,0.2544640250827956
91.3,11.7,89.016846,12.43412,0.0250071664498904,0.0627453143780048
94.95,13.0,80.5498,10.450599,0.1516609051279045,0.19610779102032
85.35,10.8,79.62092,9.995974,0.0671245662105941,0.074446890089247
84.55,11.0,84.120804,10.700191,0.0050762408869566,0.0272554050792347
76.95,9.7,85.52375,10.457778,0.1114197570523168,0.078121440926778
92.35,12.4,92.53414,12.968643,0.0019939527940156,0.0458583216513356
84.5,10.6,70.0551,7.5908914,0.1709455681975776,0.2838781734682479
77.0,7.7,79.367966,9.727968,0.0307528012758725,0.2633724955769328
94.85,13.0,91.645874,11.386085,0.0337809802484184,0.12414734180157
71.4,8.4,67.30146,7.67463,0.0574025172813266,0.0863535517737979
79.75,8.8,80.91013,11.158504,0.0145471267939361,0.268011765046553
73.55,8.3,70.61788,8.3065605,0.0398656454805935,0.0007904236575206
98.5,14.7,88.76657,11.972776,0.0988165376150063,0.1855254140840906
80.55,9.2,93.287346,12.939125,0.1581296820140344,0.4064266370690388
94.3,13.0,82.62455,11.279391,0.1238117723677342,0.1323545162494366
68.65,7.5,73.72495,8.902842,0.0739250210889133,0.1870455423990885
74.45,8.7,67.57528,7.799404,0.0923401042869061,0.1035167650244701
90.0,11.7,93.80439,12.608863,0.042270999484592,0.0776805877685547
86.55,11.7,82.24412,10.530031,0.04975022834412,0.099997332972339
98.75,14.6,77.718475,10.498077,0.2129774648931962,0.2809536032480736
75.65,8.4,86.07833,11.583304,0.1378497157125226,0.3789648101443335
75.35,9.1,86.848915,11.171109,0.1526067033855031,0.2275944175301018
88.35,10.6,79.970184,10.372153,0.0948479419788129,0.0214949733806105
73.6,11.4,89.81257,11.716481,0.2202794655509617,0.0277615095439709
81.35,9.4,88.04217,11.4832115,0.0822638926069357,0.2216182465248919
84.65,14.4,74.55018,8.763223,0.1193127167414999,0.3914428684446547
84.55,9.8,87.31809,11.328404,0.0327391170454335,0.1559596353647659
97.85,12.7,87.49698,11.467764,0.105805020339646,0.0970264645073357
91.55,10.7,86.18306,10.736745,0.0586230508751194,0.0034341009977822
95.55,13.9,86.66395,11.872471,0.092998973740638,0.1458654060638208
61.5,6.3,65.07084,7.672331,0.0580624215971163,0.2178302946544829
77.4,9.3,81.3481,10.830948,0.0510090278408631,0.1646180511802754
94.95,12.0,90.691185,11.824345,0.044853238572316,0.0146379470825195
67.55,7.3,63.55353,7.400479,0.0591631140380678,0.0137642246403106
97.8,15.4,87.21808,12.121431,0.1081996051811732,0.2128940681358436
103.9,15.6,81.48305,10.433874,0.2157550771380985,0.3311619147276267
85.5,11.4,90.24204,12.572485,0.0554624858655427,0.1028495587800678
91.1,12.0,77.856926,10.239213,0.1453685404571298,0.1467322508494059
73.35,8.1,80.96738,9.335626,0.1038497165505709,0.1525463763578439
91.85,12.7,88.27176,11.722955,0.038957441119182,0.0769326968455877
75.45,9.9,75.44168,8.338406,0.0001102596659625,0.157736807158499
76.65,8.8,85.145065,11.180001,0.1108292929891347,0.2704546885056928
85.5,10.6,87.593605,11.2945175,0.0244866086725603,0.0655205204801739
83.05,10.7,84.581116,11.827696,0.0184360713143438,0.1053921351923007
92.2,11.6,106.15345,14.382804,0.1513389372256727,0.2398968893906166
88.55,12.2,87.37017,12.143413,0.0133238781111042,0.0046383122928806
67.65,6.6,78.44219,8.953398,0.1595298163730482,0.3565754167961352
88.85,12.4,77.7363,10.369485,0.1250838761123029,0.1637512176267562
96.5,13.9,87.527275,11.864049,0.0929816053321324,0.1464712979982225
92.55,12.1,85.19973,11.449747,0.079419449817033,0.0537399102833645
81.35,10.6,73.2269,8.167904,0.0998537407085509,0.2294430282880674
100.25,15.6,94.38916,13.366936,0.0584622428304239,0.1431451455140725
56.150000000000006,4.5,78.86579,8.78664,0.4045554999252141,0.9525867038302952
65.25,6.8,75.32054,8.927077,0.15433779895534,0.3128054843229406
72.45,8.4,66.91308,8.067578,0.0764240399157285,0.0395740100315639
96.2,12.1,100.63664,14.540069,0.0461189444496328,0.201658564165604
84.65,10.6,81.67108,10.255865,0.0351910036270674,0.0324655568824623
91.05,12.1,81.93369,10.801098,0.1001241852594298,0.1073472834815663
52.0,3.9,67.48407,7.5709105,0.2977705735426683,0.9412590907170224
87.9,10.8,88.24802,11.844197,0.0039592304598619,0.0966849327087401
91.55,12.3,80.96646,10.317667,0.1156039193703918,0.1611652839474562
89.1,12.4,87.177505,11.563424,0.0215768182585402,0.0674657975473711
91.75,12.3,68.70122,8.669272,0.2512128866336001,0.2951811038381685
88.7,11.4,88.34712,11.263037,0.0039783292854249,0.0120143221135725
80.4,8.7,78.7401,9.311742,0.0206455591306165,0.070315152749248
89.25,11.9,83.26531,10.81611,0.067055325548188,0.0910832220766725
80.05,8.2,66.8165,7.75942,0.1653154553062538,0.0537292782853288
83.9,10.0,75.95555,9.850067,0.0946894976464728,0.0149932861328125
96.2,12.6,91.13501,12.421941,0.0526506261369542,0.0141316822596958
93.8,11.7,79.05815,10.112362,0.1571625666831856,0.1356955634223089
97.55,14.7,78.079384,10.311075,0.1995962701168871,0.2985663122060347
98.2,13.9,98.91934,13.243765,0.0073252753667578,0.0472111599050837
93.35,12.2,98.83176,13.439692,0.0587226201585097,0.1016140609491067
76.95,9.7,84.20137,9.691865,0.0942348309195296,0.0008386631601863
97.5,12.7,86.361534,11.831943,0.1142406757061298,0.0683509796623169
96.4,13.8,86.65488,11.76771,0.1010904905707015,0.1472674107206041
53.35,3.9,69.25851,7.966795,0.2981913172427805,1.0427679404234274
104.85,17.9,83.018135,11.209987,0.2082199802498733,0.3737437605191875
85.45,10.2,83.170265,10.760867,0.026679166790475,0.054986972434848
98.05,15.2,91.786804,12.456208,0.0638775706351988,0.1805126165088854
92.4,12.4,79.51646,10.505586,0.1394322878354556,0.1527753491555491
94.5,12.9,92.01199,12.663351,0.0263281120825066,0.0183448791503906
74.95,9.8,75.73416,8.792732,0.0104624599993745,0.102782424615354
89.0,11.9,83.4942,11.083052,0.0618629026948735,0.0686511192001214
61.1,7.0,68.29319,7.820312,0.1177281506127889,0.1171874318804059
82.0,9.7,90.2427,12.01242,0.1005207154808974,0.238393783569336
92.55,12.3,83.12098,11.326053,0.1018802883945755,0.0791827101048415
91.75,13.8,87.55577,11.4348545,0.0457136689479734,0.1713873545328776
94.15,13.0,89.54615,12.204314,0.0488990949812052,0.0612065975482647
77.05,8.9,70.01163,7.9226837,0.0913481220341904,0.1098108184471559
74.35,9.6,74.88903,9.29298,0.0072499052662135,0.0319812297821044
82.0,9.2,92.96947,12.100214,0.1337739897937309,0.3152406526648481
69.2,9.4,80.39049,10.522369,0.1617122495794571,0.1194009983793217
60.85,6.9,73.64216,8.554586,0.2102244619277038,0.2397951319597769
91.45,12.5,97.57924,13.969398,0.0670228418983221,0.1175518035888671
77.5,8.7,97.43955,13.24298,0.2572845458984375,0.5221816095812568
58.150000000000006,6.9,65.79687,7.6103253,0.1315024483337138,0.1029457009356954
66.5,7.6,76.166595,9.155846,0.1453623377290883,0.2047165318539268
75.5,8.5,91.27943,12.202553,0.2089990274795633,0.4355944465188419
93.2,12.8,99.36616,13.850312,0.0661604885379643,0.0820556432008742
62.150000000000006,5.9,67.894615,7.6638656,0.0924314589435211,0.2989602654667223
82.5,8.8,90.734825,12.35265,0.0998160622336647,0.4037101919000798
92.05,12.9,98.49692,13.842135,0.0700371290017314,0.073033754215684
67.55,9.4,73.85295,8.876531,0.0933079356003655,0.0556882290129966
64.15,6.6,74.796906,8.971475,0.1659689090814983,0.3593143405336323
102.45,15.7,97.29655,13.661434,0.0503021284916041,0.1298449570965614
92.25,12.7,83.96225,11.990139,0.0898401110475948,0.0558945663331999
75.35,9.1,78.73617,9.548041,0.0449391892198387,0.0492353124932928
93.6,13.0,89.656334,11.630889,0.0421331845797024,0.1053162354689378
77.5,9.2,75.52435,8.950289,0.0254922190020161,0.0271425247192382
75.3,8.5,71.50821,8.538925,0.0503557871379066,0.0045794318704044
92.0,11.4,98.63855,13.322752,0.072158150050951,0.1686624560439795
65.5,8.7,69.872086,8.5913105,0.0667493980349475,0.0124930458507317
81.05,9.0,101.674484,13.364778,0.2544661844901874,0.4849752850002712
70.95,7.6,73.88627,9.323336,0.041385040390735,0.2267546904714484
74.25,9.1,84.18608,9.813478,0.1338192718197601,0.0784042274558937
73.05,8.9,89.18387,11.182882,0.2208606216044233,0.2565036302202202
58.5,5.0,88.56268,12.569083,0.5138920188969017,1.5138166427612303
68.35,7.7,74.793175,9.2903,0.0942673700607512,0.2065325154886617
66.55,7.7,79.42326,10.261478,0.1934374688175009,0.3326595355938007
83.1,9.7,93.01361,12.760423,0.1192973626936673,0.315507495526186
92.2,11.2,94.542404,13.514708,0.0254056851931093,0.2066703183310373
92.25,13.0,81.08037,10.527316,0.1210800212250169,0.1902064543503981
96.35,13.9,100.36254,14.102633,0.0416454717045197,0.0145779479321815
74.45,8.8,76.17402,8.678908,0.0231567341821796,0.0137604149905118
80.85,10.2,79.005424,10.112561,0.0228147866479687,0.0085724288342045
70.05,7.4,81.242004,9.751081,0.1597716544544076,0.3177137117128114
70.15,7.3,67.49176,7.6048117,0.0378936528309872,0.0417550230679446
100.55,13.1,96.82479,13.759283,0.0370483246684252,0.0503269515874731
76.2,8.6,67.74121,7.993196,0.1110077304790026,0.0705586034198139
58.150000000000006,5.8,62.231266,6.949855,0.0701851422481257,0.1982508363394902
96.35,13.8,91.14783,12.4388485,0.0539924530520238,0.0986341669939566
87.45,10.6,86.0104,11.538223,0.0164619912550475,0.0885116289246757
86.55,12.9,101.47746,13.849146,0.1724721290416486,0.0735772007195524
70.05,6.9,67.44029,7.4753065,0.0372549270749687,0.0833777552065641
91.45,11.3,90.1701,11.892263,0.0139956549909872,0.0524126913695208
89.05,11.5,98.374275,13.882694,0.1047083122686079,0.2071908038595448
57.55,4.9,67.28413,7.7328286,0.1691420726626982,0.5781282892032544
103.6,17.3,98.78714,13.9002075,0.0464561786430682,0.1965197965588873
83.5,10.9,71.79767,8.196458,0.1401476831493263,0.2480313887289905
90.4,11.1,89.89615,11.8512125,0.0055735765305241,0.0676768019392684
69.05,8.8,66.48983,7.699786,0.037077045371617,0.1250242970206521
55.150000000000006,4.9,90.56421,11.48485,0.6421434086015411,1.3438469244509326
79.4,9.5,75.618034,10.201707,0.0476318090328342,0.0738638827675267
73.45,8.8,67.813095,7.689659,0.0767447911126829,0.1261751001531428
89.75,10.5,99.05218,13.489734,0.103645430966008,0.2847365424746558
80.5,9.4,72.083405,8.336699,0.1045539808569487,0.1131171774356923
86.75,11.4,80.513916,10.70416,0.0718856943443804,0.0610386195935701
60.85,6.9,83.50192,10.016268,0.3722583830307621,0.4516330110853996
82.25,8.9,92.1135,12.623477,0.1199210030691964,0.4183682002378313
72.0,8.6,89.399376,11.855279,0.2416579988267686,0.3785208103268646
92.65,13.8,86.63438,12.019169,0.064928477864232,0.1290457352347996
91.65,11.5,86.95446,12.520083,0.0512333863170435,0.0887029067329738
100.3,14.3,90.77253,11.828105,0.0949897347751666,0.172859792109136
85.45,10.2,80.26745,10.603554,0.060650106199029,0.0395640952914369
87.0,10.8,90.67967,11.73959,0.0422950832323096,0.086999045477973
97.05,13.2,86.22927,11.614451,0.1114964354965626,0.1201173175464976
85.2,10.3,93.946945,12.290497,0.1026636759440103,0.193252119045813
72.55,8.4,71.85736,8.168932,0.0095470594094589,0.0275080998738607
56.5,4.7,70.6603,8.096877,0.2506248001503733,0.7227398081028714
71.25,8.5,68.48747,7.8982058,0.0387723153097587,0.0707993226892808
82.3,10.4,62.175083,6.9658237,0.2445311888165201,0.3302092643884512
72.5,9.5,89.664,11.728042,0.2367448477909483,0.2345306998804996
70.05,7.8,69.37791,8.374414,0.0095944782395944,0.0736428774320162
87.5,11.2,101.62018,13.998159,0.1613734654017857,0.249835661479405
70.25,7.4,79.00497,9.471203,0.1246258610083963,0.2798922770732157
86.95,12.6,94.33753,12.852896,0.0849629907240601,0.0200710902138362
83.65,10.3,88.468414,12.63415,0.0576020837613941,0.2266164613001554
99.65,12.8,87.64432,11.335708,0.1204784984751317,0.1143978387117386
92.65,12.2,86.47381,11.011255,0.0666615403283948,0.0974380930916207
68.25,7.0,77.20848,9.712508,0.1312597924536401,0.3875011716570173
94.15,13.1,92.27157,13.10836,0.0199514785094016,0.0006381901165911
96.4,14.2,83.762054,11.61757,0.1310990202971019,0.181861272999938
90.8,12.5,85.00124,11.196963,0.0638629560428568,0.104242935180664
74.05,8.6,68.18169,8.013239,0.0792479891780258,0.0682280340860056
77.4,8.4,85.165245,10.713808,0.10032616351618,0.2754533404395693
75.35,10.3,78.75515,10.347853,0.045191106055854,0.0046458938746775
70.75,7.4,71.92749,8.23093,0.0166429715106007,0.1122878822120459
62.150000000000006,6.7,66.270035,7.5304437,0.0662917906683677,0.1239468161739519
104.05,15.1,109.98698,15.748649,0.0570588815332547,0.0429568638075266
90.55,12.8,100.968834,13.995307,0.1150616667403627,0.0933833569288253
84.55,11.6,80.7707,10.808375,0.0446990118585064,0.0682435035705566
76.1,8.8,68.93685,7.9801927,0.0941281011634054,0.0931599248539318
59.35,6.3,70.68392,8.028242,0.1909675116085062,0.2743241446358817
93.7,13.8,85.731995,11.754379,0.0850374105773079,0.1482333860535553
85.05,10.5,92.526794,11.762427,0.0879105753508965,0.1202311742873419
76.05,8.4,71.526924,8.351541,0.0594750278329942,0.0057689802987235
84.75,10.8,90.353264,11.568498,0.0661152077283831,0.0711571905348035
59.3,5.8,65.267525,7.717594,0.1006327945908648,0.3306196804704338
95.55,12.9,98.74979,14.178436,0.0334880834845957,0.0991035875423933
62.15,5.1,85.63659,11.467149,0.377901674180096,1.2484605452593636
54.25,4.5,69.26033,7.9926953,0.2766881142893145,0.7761545181274414
94.2,13.9,85.19823,10.934024,0.0955602236867204,0.2133795786246979
95.75,13.5,86.458786,11.314969,0.0970361774335019,0.1618541434959129
83.55,10.5,87.027466,11.0381,0.0416213742706463,0.0512476421537853
77.0,8.4,79.95256,9.590184,0.038344940581879,0.1416885966346377
90.05,10.8,79.35752,10.788275,0.1187393552789682,0.0010856699060511
90.75,12.8,88.37245,11.549385,0.0261988784327651,0.097704291343689
70.15,8.9,70.11633,8.131148,0.000479928612794,0.0863878271552954
93.15,12.5,95.83751,12.9649315,0.0288514133684748,0.0371945190429687
84.7,11.2,95.34319,13.325867,0.1256575331074287,0.1898095267159599
66.05,6.6,77.90127,9.257591,0.1794287358875261,0.4026653405391809
83.0,9.3,89.64915,11.871245,0.0801102052251976,0.2764779983028287
96.05,12.3,86.29419,11.491523,0.1015701254229567,0.0657298545527265
97.25,12.8,95.46808,13.341063,0.0183230990922236,0.0422705113887786
96.0,13.0,79.89994,11.149969,0.167708953221639,0.142310069157527
65.3,6.6,66.75652,7.663026,0.0223051015669865,0.161064523639101
69.95,8.6,75.70758,8.616485,0.0823099437656361,0.0019168188405591
89.3,12.7,86.57665,11.702129,0.0304966122412601,0.0785724910225454
91.7,14.3,85.80378,11.697303,0.0642990228783993,0.182006795923193
79.3,9.9,89.22108,12.025811,0.1251081584531151,0.2147284035730843
76.9,9.4,74.82883,9.012129,0.0269333302432136,0.0412628904302069
74.2,8.3,93.09206,12.997635,0.254609922835769,0.5659801069512423
66.0,8.8,63.253765,7.5398536,0.0416096196030125,0.1431984576311979
83.5,11.4,90.11558,12.001271,0.0792284754222024,0.0527430919178744
68.35,7.4,80.33815,9.685648,0.1753935629029125,0.3088713465510187
85.0,10.9,85.16369,11.710173,0.0019257489372702,0.0743277663484625
79.2,10.3,97.792,13.365197,0.2347474724355369,0.2975919593885106
75.25,8.3,77.89328,8.96236,0.0351266449075996,0.0798024556722984
79.2,9.4,84.775024,10.892452,0.070391722399779,0.158771514892578
101.0,13.8,88.4111,11.804276,0.1246425515354269,0.1446176473645196
91.5,11.9,72.37887,9.49675,0.2089741190925973,0.2019537917706145
100.45,14.1,94.55533,12.875851,0.0586826444087543,0.0868191008872173
73.65,8.6,71.63649,8.44194,0.0273389019936991,0.0183790339980014
63.6,6.4,71.90386,8.566078,0.1305638679168509,0.3384497165679931
90.45,11.8,97.50815,13.849216,0.0780337003135364,0.1736624119645457
49.55,3.8,81.77621,10.240087,0.650377537239452,1.6947596198634098
72.65,8.4,80.8566,10.323623,0.1129607419186595,0.2290027028038387
78.5,9.3,79.02388,9.606325,0.0066736306354498,0.0329381881221647
66.1,7.45,83.995834,10.59999,0.2707387950164288,0.4228174350405699
81.7,10.6,92.58547,12.160071,0.1332371126919656,0.1471765446213057
78.75,9.2,77.809425,9.655691,0.0119438050285218,0.0495316463968029
89.45,10.6,86.90955,11.518871,0.0284007431209387,0.0866859723936837
92.05,12.1,86.43668,11.542603,0.0609811661620297,0.0460659058626032
76.25,9.2,86.90598,11.2901535,0.1397505963434938,0.2271905981976054
100.0,12.9,86.22022,11.670651,0.1377977752685547,0.0952983383060426
87.75,11.4,87.90812,11.640112,0.0018019282240473,0.0210624494050678
88.95,11.7,87.35985,11.749055,0.0178769193652508,0.0041927272437984
65.2,6.8,71.933105,7.995584,0.1032684887845091,0.1758211780996884
75.85,8.2,74.68125,8.527364,0.0154086812672523,0.0399224118488591
67.65,7.8,70.09971,8.45554,0.0362115086050096,0.0840435517139924
89.45,10.8,89.724846,12.30928,0.003072620304421,0.1397481847692418
69.3,12.3,73.15027,8.355397,0.0555594308035714,0.3206994126482708
78.15,8.8,65.77439,7.880742,0.158357118690769,0.104461128061468
97.05,13.0,86.01426,11.002506,0.1137119078992384,0.1536533649151142
87.55,12.5,109.70921,15.210541,0.2531035209233117,0.21684326171875
81.45,10.5,76.03829,8.765874,0.066442088015318,0.1651548658098493
77.1,8.3,89.679405,12.226542,0.1631570066459448,0.4730774063661873
46.0,2.8,65.12405,7.6240892,0.4157401375148607,1.722889014652797
88.15,11.4,99.55613,13.695668,0.1293945485600272,0.2013744053087736
66.8,7.0,81.0275,9.267855,0.2129864721241112,0.323979241507394
52.55,3.6,66.8945,7.815231,0.2729686152696837,1.1708974573347304
55.25,4.8,63.67334,7.555231,0.1524586397058823,0.57400647799174
97.8,13.8,102.07086,14.507673,0.0436693437260353,0.0512806712717249
95.45,14.0,100.93792,14.419183,0.0574952290906151,0.0299416269574846
70.05,7.4,75.02484,8.662623,0.0710184340984119,0.1706247845211544
97.75,13.3,89.916954,12.505636,0.080133462500999,0.0597266003601533
83.7,11.3,82.031586,10.289991,0.0199332653123133,0.0893812939129045
58.150000000000006,5.8,84.156944,10.515069,0.4472389385193867,0.8129429323919889
78.85,10.0,72.15622,8.595732,0.0848925874137998,0.1404268264770508
74.0,9.8,83.35897,10.897366,0.1264725762444573,0.1119760785784039
